RECORD RETRIEVAL DATE,DOT NUMBER,DBA NAME,LEGAL NAME,ALLOWED TO OPERATE,CARRIER OPERATION CODE,CARRIER OPERATION DESCRIPTION,CENSUS TYPE,CENSUS TYPE DESCRIPTION,CENSUS TYPE ID,IS PASSENGER CARRIER?,MCS150 OUTDATED?,OOS DATE,PHY STREET,PHY CITY,PHY STATE,PHY ZIP,PHY COUNTRY,REVIEW DATE,REVIEW TYPE,STATUS CODE,TOTAL DRIVERS,TOTAL POWER UNITS
9/6/2024,1936404,THE DUMBELL MAN FITNESS EQUIPMENT,GARV INC,Y,A,Interstate,C,CARRIER,1,N,N,,655 HAWAII AVENUE,TORRANCE,CA,90503,US,,,A,4,2
9/6/2024,2066587,,,N,,,,,,,,,,,,,,,,,,
9/6/2024,2084236,,,N,,,,,,,,,,,,,,,,,,
9/6/2024,2138590,,,N,,,,,,,,,,,,,,,,,,
9/6/2024,2151630,,,N,,,,,,,,,,,,,,,,,,
9/6/2024,2172159,,,N,,,,,,,,,,,,,,,,,,
9/6/2024,2328825,,,N,,,,,,,,,,,,,,,,,,
9/6/2024,2366659,CHASE COURIER,EXPEDITED FREIGHT SOLUTIONS LLC,Y,A,Interstate,C,CARRIER,1,N,N,,2750 OREGON CT SUITE M-3,TORRANCE,CA,90503,US,6/10/2020,N,A,8,8
9/6/2024,2375365,,,N,,,,,,,,,,,,,,,,,,
9/6/2024,2381949,,,N,,,,,,,,,,,,,,,,,,
2024-09-07,1001593,,,N,,,,,,,,,,,,,,,,,,
2024-09-07,1003451,,,N,,,,,,,,,,,,,,,,,,
2024-09-07,1004440,,,N,,,,,,,,,,,,,,,,,,
2024-09-07,1005094,PEPE'S TOWING SERVICE,PEPE'S INC,Y,C,Intrastate Non-Hazmat,C,CARRIER,1,N,N,,918 SOUTH BOYLE AVENUE,LOS ANGELES,CA,90023,US,,,A,44,66
2024-09-07,1011591,,,N,,,,,,,,,,,,,,,,,,
2024-09-07,1015896,WESTERN REGIONAL DELIVERY SERVICE,SOUTH COAST TRANSPORTATION & DISTRIBUTION INC,Y,A,Interstate,C,CARRIER,1,N,N,,1424 SOUTH RAYMOND AVE,FULLERTON,CA,92831,US,2021-04-23,N,A,52,80
2024-09-07,1020218,ROYAL PLYWOOD COMPANY,ROYAL PLYWOOD COMPANY LLC,Y,A,Interstate,C,CARRIER,1,N,N,,14171 EAST PARK PLACE,CERRITOS,CA,90703,US,2023-07-26,N,A,39,38
2024-09-07,1021693,MDB TRANSPORTATION,MDB TRANSPORTATION INC,Y,A,Interstate,C,CARRIER,1,N,N,,435 E WEBER AVE,COMPTON,CA,90222,US,2023-11-15,N,A,41,43
2024-09-07,1024955,VULCAN MATERIALS COMPANY SHAMROCK MATERIALS INC,CALMAT CO,Y,A,Interstate,C,CARRIER,1,N,N,,16013 E FOOTHILL BLVD,IRWINDALE,CA,91702,US,2023-02-24,N,A,89,89
2024-09-07,1033158,KING KONG PRODUCTION VEHICLES,KING KONG PRODUCTIONS VEHICLES INC,Y,A,Interstate,C,CARRIER,1,N,N,,8924 LANKERSHIM BLVD,SUN VALLEY,CA,91352,US,,,A,8,31
2024-09-07,1038405,,,N,,,,,,,,,,,,,,,,,,
2024-09-07,1041054,,,N,,,,,,,,,,,,,,,,,,
2024-09-07,1045084,,,N,,,,,,,,,,,,,,,,,,
2024-09-07,1045320,,,N,,,,,,,,,,,,,,,,,,
2024-09-07,1046573,EAGLERIDER,J C BROMAC,Y,A,Interstate,C,CARRIER,1,N,N,,11860 S LA CIENEGA BLVD,HAWTHORNE,CA,90250,US,,,A,14,31
2024-09-07,1048914,,,N,,,,,,,,,,,,,,,,,,
2024-09-07,1052526,FOUNDATION BUILDING MATERIALS,FBM LOGISTICS LLC,Y,A,Interstate,C,CARRIER,1,N,N,,2520 RED HILL AVE,SANTA ANA,CA,92705,US,2022-09-28,N,A,2132,2310
2024-09-07,1057811,,,N,,,,,,,,,,,,,,,,,,
2024-09-07,1060169,,,N,,,,,,,,,,,,,,,,,,
2024-09-07,1060429,HIDDEN VILLA RANCH,LUBERSKI INC,Y,A,Interstate,C,CARRIER,1,N,N,,310 NORTH HARBOR BOULEVARD 205,FULLERTON,CA,92862,US,2020-02-25,N,A,36,50
2024-09-07,1061524,,,N,,,,,,,,,,,,,,,,,,
2024-09-07,1063631,,,N,,,,,,,,,,,,,,,,,,
2024-09-07,1065278,,,N,,,,,,,,,,,,,,,,,,
2024-09-07,1065893,MSI,M S INTERNATIONAL INC,Y,A,Interstate,C,CARRIER,1,N,N,,2095 N BATAVIA STREET,ORANGE,CA,92865,US,2022-06-23,N,A,1360,750
2024-09-07,1069767,,,N,,,,,,,,,,,,,,,,,,
2024-09-07,1074018,,,N,,,,,,,,,,,,,,,,,,
2024-09-07,1074419,,,N,,,,,,,,,,,,,,,,,,
2024-09-07,1076613,FERRIS HOIST AND REPAIR,PETERSON HYDRAULICS INC,Y,C,Intrastate Non-Hazmat,C,CARRIER,1,N,N,,1653 W EL SEGUNDO BLVD,GARDENA,CA,90249-2009,US,,,A,30,30
2024-09-07,1079113,MELISSAS BRAND,WORLD VARIETY PRODUCE INC,Y,C,Intrastate Non-Hazmat,C,CARRIER,1,N,N,,5325 SOUTH SOTO STREET,VERNON,CA,90058,US,,,A,42,39
2024-09-07,1079145,,,N,,,,,,,,,,,,,,,,,,
2024-09-07,1099065,LAPD LAFD LA HARBOR GENERAL SERVICE,CITY OF LOS ANGELES,Y,B,Intrastate Hazmat,C,CARRIER,1,N,N,,2310 E 7TH ST,LOS ANGELES,CA,90023,US,2024-05-21,N,A,15844,2743
2024-09-07,1100255,,,N,,,,,,,,,,,,,,,,,,
2024-09-07,1101357,,,N,,,,,,,,,,,,,,,,,,
2024-09-07,1101482,,,N,,,,,,,,,,,,,,,,,,
2024-09-07,1112853,,,N,,,,,,,,,,,,,,,,,,
2024-09-07,1120526,,,N,,,,,,,,,,,,,,,,,,
2024-09-07,1120581,CAPSTONE FIRE & SAFETY MANAGEMENT,CAPSTONE FIRE MANAGEMENT INC,Y,A,Interstate,C,CARRIER,1,N,N,,2240 AUTO PARK WAY,ESCONDIDO,CA,92029,US,,,A,69,64
2024-09-07,1125439,,,N,,,,,,,,,,,,,,,,,,
2024-09-07,1130314,,,N,,,,,,,,,,,,,,,,,,
2024-09-07,1146360,ATI,ATI RESTORATION LLC,Y,A,Interstate,C,CARRIER,1,N,N,,3360E LA PALMA AVE,ANAHEIM,CA,92806,US,2021-08-03,N,A,127,50
2024-09-07,1151128,,,N,,,,,,,,,,,,,,,,,,
2024-09-07,1151228,AMERICAN TRANSPORTATION,AMERICAN TRANSPORTATION SYSTEMS,Y,A,Interstate,C,CARRIER,1,Y,N,,3133 E SOUTH ST,LONG BEACH,CA,90805,US,2024-04-23,N,A,99,131
2024-09-07,1151662,SUPERIOR TANK LINES,SO CAL PETROLEUM TRANSPORT INC,Y,A,Interstate,C,CARRIER,1,N,N,,601 S HUNTS LANE,COLTON,CA,92324,US,2017-11-22,N,A,187,85
2024-09-07,1156236,,,N,,,,,,,,,,,,,,,,,,
2024-09-07,1175706,ARDWIN FREIGHT,ARDWIN INC,Y,A,Interstate,C,CARRIER,1,N,N,,2940 N HOLLYWOOD WAY,BURBANK,CA,91505,US,2018-09-06,N,A,38,38
2024-09-07,1177055,,,N,,,,,,,,,,,,,,,,,,
2024-09-07,1180475,,,N,,,,,,,,,,,,,,,,,,
2024-09-07,1181236,,,N,,,,,,,,,,,,,,,,,,
2024-09-07,1183612,,,N,,,,,,,,,,,,,,,,,,
2024-09-07,1185228,,,N,,,,,,,,,,,,,,,,,,
2024-09-07,1188858,,,N,,,,,,,,,,,,,,,,,,
2024-09-07,1189566,QUIK PICK EXPRESS,QUIK PICK EXPRESS LLC,Y,A,Interstate,C,CARRIER,1,N,N,,23610 S BANNING BLVD,CARSON,CA,90745,US,2007-05-02,C,A,63,98
2024-09-07,1192915,,,N,,,,,,,,,,,,,,,,,,
2024-09-07,1199239,,,N,,,,,,,,,,,,,,,,,,
2024-09-07,1207159,BRENNTAG,BRENNTAG PACIFIC INC,Y,A,Interstate,C,CARRIER,1,N,N,,10747 PATTERSON PLACE,SANTA FE SPRINGS,CA,90670,US,2019-08-27,N,A,140,167
2024-09-07,1246609,,,N,,,,,,,,,,,,,,,,,,
2024-09-07,1254676,,,N,,,,,,,,,,,,,,,,,,
2024-09-07,1258582,,,N,,,,,,,,,,,,,,,,,,
2024-09-07,1260249,JACMAR FOOD SERVICE DISTRIBUTION,THE JACMAR COMPANIES,Y,A,Interstate,C,CARRIER,1,N,N,,4601 E GUASTI RD,ONTARIO,CA,91761,US,2023-09-22,N,A,28,30
2024-09-07,1263693,,,N,,,,,,,,,,,,,,,,,,
2024-09-07,12663,,,N,,,,,,,,,,,,,,,,,,
2024-09-07,1267736,,,N,,,,,,,,,,,,,,,,,,
2024-09-07,1269528,FIBER CARE BATHS INC OR TK TRKING S DE RL DE CV,FIBER CARE BATHS INC,Y,A,Interstate,C,CARRIER,1,N,N,,9832 YUCCA ROAD,ADELANTO,CA,92301,US,2024-02-16,N,A,20,60
2024-09-07,1270604,,,N,,,,,,,,,,,,,,,,,,
2024-09-07,1274552,,,N,,,,,,,,,,,,,,,,,,
2024-09-07,1276566,,,N,,,,,,,,,,,,,,,,,,
2024-09-07,1300094,S & S TRUCKING,SST TRANSPORTATION INC,Y,A,Interstate,C,CARRIER,1,N,N,,8641 LIVE OAK AVE,FONTANA,CA,92335,US,2022-07-28,N,A,19,26
2024-09-07,1310930,HADLEY TOW,FMG INC,Y,A,Interstate,C,CARRIER,1,N,N,,11819 E HADLEY ST,WHITTIER,CA,90601,US,2020-06-09,N,A,51,51
2024-09-07,1312440,,,N,,,,,,,,,,,,,,,,,,
2024-09-07,1326050,,,N,,,,,,,,,,,,,,,,,,
2024-09-07,1339646,GREENLINE TRANSPORTATION LLC,GREENLINE LLC,Y,A,Interstate,C,CARRIER,1,N,N,,1625 SOUTH PROFORMA AVE,ONTARIO,CA,91761,US,2023-09-06,N,A,44,59
2024-09-07,1340674,,,N,,,,,,,,,,,,,,,,,,
2024-09-07,1362644,,,N,,,,,,,,,,,,,,,,,,
2024-09-07,1385969,ATHENS DISPOSAL COMPANY,ARAKELIAN ENTERPRISES INC,Y,B,Intrastate Hazmat,C,CARRIER,1,N,N,,14048 VALLEY BLVD,CITY OF INDUSTRY,CA,91746,US,2020-10-15,N,A,953,916
2024-09-07,1386081,,,N,,,,,,,,,,,,,,,,,,
2024-09-07,1388780,,,N,,,,,,,,,,,,,,,,,,
2024-09-07,1392136,MERIT OIL COMPANY,NUCKLES OIL COMPANY INC,Y,B,Intrastate Hazmat,C,CARRIER,1,N,N,,1800 S RIVERSIDE AVE,COLTON,CA,92316,US,2023-09-19,N,A,43,27
2024-09-07,1393872,KGC LLC,KINDNESS GENERAL CONTRACTORS LLC,Y,A,Interstate,C,CARRIER,1,N,N,,6461 GLOBAL DRIVE,CYPRESS,CA,90630,US,2019-12-02,N,A,15,46
2024-09-07,1398199,,,N,,,,,,,,,,,,,,,,,,
2024-09-07,1398282,THE CHEFS' WAREHOUSE,THE CHEFS' WAREHOUSE WEST COAST LLC,Y,A,Interstate,C,CARRIER,1,N,N,,455 S BREA CANYON ROAD,WALNUT,CA,91789,US,2023-09-18,N,A,80,176
2024-09-07,1400170,CLEANTECH ENVIRONMENTAL INC,AGRITEC INTERNATIONAL LTD,Y,A,Interstate,C,CARRIER,1,N,N,,5820 MARTIN RD,IRWINDALE,CA,91706,US,2023-06-23,N,A,52,57
2024-09-07,1402981,,,N,,,,,,,,,,,,,,,,,,
2024-09-07,1410995,,,N,,,,,,,,,,,,,,,,,,
2024-09-07,1412209,,,N,,,,,,,,,,,,,,,,,,
2024-09-07,1423162,,,N,,,,,,,,,,,,,,,,,,
2024-09-07,143256,-KMC -KAWASAKI -KAWASAKI TEAM GREEN -KAWASAKI ENGINES,KAWASAKI MOTORS CORP USA,Y,A,Interstate,C,CARRIER,1,N,N,,29672 BURBANK,FOOTHILL RANCH,CA,92610-2506,US,1992-03-20,C,A,58,26
2024-09-07,1439255,,,N,,,,,,,,,,,,,,,,,,
2024-09-07,1439611,INDUSTRIAL METAL SUPPLY CO,NORMAN INDUSTRIAL MATERIALS,Y,C,Intrastate Non-Hazmat,C,CARRIER,1,N,N,,8300 SAN FERNANDO ROAD,SUN VALLEY,CA,91352,US,,,A,44,48
2024-09-07,1445717,CBS TELEVISION STUDIOS,CBS STUDIOS INC,Y,A,Interstate,C,CARRIER,1,Y,N,,4024 RADFORD AVE,STUDIO CITY,CA,91604,US,2020-03-04,N,A,332,422
2024-09-07,1446156,EC VAPOR CONTROL,ENVENT CORPORATION,Y,A,Interstate,C,CARRIER,1,N,N,,3220 EAST 29TH STREET,LONG BEACH,CA,90806,US,2021-02-22,N,A,17,59
2024-09-07,1446210,,,N,,,,,,,,,,,,,,,,,,
2024-09-07,1456587,,,N,,,,,,,,,,,,,,,,,,
2024-09-07,1462486,SCS ENGINEERS,STEARNS CONRAD AND SCHMIDT CONSULTING ENGINEERS INC,Y,A,Interstate,C,CARRIER,1,N,N,,3900 KILROY AIRPORT SUITE 100,LONG BEACH,CA,90806,US,2013-03-14,N,A,53,53
2024-09-07,1470669,,,N,,,,,,,,,,,,,,,,,,
2024-09-07,1475332,BEST-VIP CHAUFFEURED WORLDWIDE,BEST LIMOUSINES & TRANSPORTATION INC,Y,A,Interstate,C,CARRIER,1,Y,N,,2701 S BIRCH ST,SANTA ANA,CA,92707,US,2024-07-22,N,A,51,45
2024-09-07,1481271,,,N,,,,,,,,,,,,,,,,,,
2024-09-07,1485609,,,N,,,,,,,,,,,,,,,,,,
2024-09-07,1491273,,,N,,,,,,,,,,,,,,,,,,
2024-09-07,1509235,,,N,,,,,,,,,,,,,,,,,,
2024-09-07,151877,,,N,,,,,,,,,,,,,,,,,,
2024-09-07,1523020,,,N,,,,,,,,,,,,,,,,,,
2024-09-07,1526072,,,N,,,,,,,,,,,,,,,,,,
2024-09-07,1536172,,,N,,,,,,,,,,,,,,,,,,
2024-09-07,1544208,,,N,,,,,,,,,,,,,,,,,,
2024-09-07,1545872,FOX RENT A CAR,FOX RENT A CAR INC,Y,C,Intrastate Non-Hazmat,C,CARRIER,1,Y,N,,5500 W CENTURY BLVD,LOS ANGELES,CA,90045,US,,,A,79,60
2024-09-07,1552681,,,N,,,,,,,,,,,,,,,,,,
2024-09-07,1560953,,,N,,,,,,,,,,,,,,,,,,
2024-09-07,156237,,,N,,,,,,,,,,,,,,,,,,
2024-09-07,1569243,,,N,,,,,,,,,,,,,,,,,,
2024-09-07,1582586,,,N,,,,,,,,,,,,,,,,,,
2024-09-07,1595245,,,N,,,,,,,,,,,,,,,,,,
2024-09-07,1618281,,,N,,,,,,,,,,,,,,,,,,
2024-09-07,1627539,,,N,,,,,,,,,,,,,,,,,,
2024-09-07,1627740,,,N,,,,,,,,,,,,,,,,,,
2024-09-07,1631144,,,N,,,,,,,,,,,,,,,,,,
2024-09-07,1641739,,,N,,,,,,,,,,,,,,,,,,
2024-09-07,164701,,,N,,,,,,,,,,,,,,,,,,
2024-09-07,1647683,,,N,,,,,,,,,,,,,,,,,,
2024-09-07,1650805,,,N,,,,,,,,,,,,,,,,,,
2024-09-07,1667771,,,N,,,,,,,,,,,,,,,,,,
2024-09-07,167240,,,N,,,,,,,,,,,,,,,,,,
2024-09-07,1674534,GOTHIC LANDSCAPE,GOTHIC LANDSCAPING INC,Y,C,Intrastate Non-Hazmat,C,CARRIER,1,N,N,,27413 TOURNEY RD SUITE 200,VALENCIA,CA,91355,US,,,A,290,257
2024-09-07,1676627,,,N,,,,,,,,,,,,,,,,,,
2024-09-07,1677730,SA RECYCLING,S A RECYCLING LLC,Y,A,Interstate,C,CARRIER,1,N,N,,2411 N GLASELL AVE,ORANGE,CA,92865,US,2023-07-21,N,A,62,120
2024-09-07,1678243,,,N,,,,,,,,,,,,,,,,,,
2024-09-07,1679776,,,N,,,,,,,,,,,,,,,,,,
2024-09-07,1680520,SABA HOLDING COMPANY,SABA HOLDING COMPANY LLC,Y,C,Intrastate Non-Hazmat,C,CARRIER,1,N,N,,22099 KNABE ROAD,CORONA,CA,92883,US,,,A,28,28
2024-09-07,1681991,,,N,,,,,,,,,,,,,,,,,,
2024-09-07,1686423,BISCUIT FILMWORKS,DOGMA FILMS INC,Y,A,Interstate,C,CARRIER,1,N,N,,7026 SANTA MONICA BLVD,LOS ANGELES,CA,90038,US,,,A,30,30
2024-09-07,1687334,MERLI CONCRETE PUMPING,STEFAN MERLI PLASTERING INC,Y,C,Intrastate Non-Hazmat,C,CARRIER,1,N,N,,1230 W 130TH ST,GARDENA,CA,90247,US,,,A,40,40
2024-09-07,1696244,,,N,,,,,,,,,,,,,,,,,,
2024-09-07,1699631,,,N,,,,,,,,,,,,,,,,,,
2024-09-07,1706355,,,N,,,,,,,,,,,,,,,,,,
2024-09-07,1707804,,,N,,,,,,,,,,,,,,,,,,
2024-09-07,1720884,DUTIE POWER SERVICES,DUTHIE ELECTRIC SERVICE CORP,Y,A,Interstate,C,CARRIER,1,N,N,,2335 E CHERRY INDUSTRIAL CIRCLE,LONG BEACH,CA,90805,US,2021-07-14,N,A,30,46
2024-09-07,1730789,LPG TRANSPORT,PACIFIC COAST PROPANE LLC,Y,A,Interstate,C,CARRIER,1,N,N,,539 W MAIN ST,ONTARIO,CA,91762,US,2023-01-19,N,A,69,51
2024-09-07,1736696,,,N,,,,,,,,,,,,,,,,,,
2024-09-07,1738632,FRESHPOINT,FRESHPOINT SOUTHERN CALIFORNIA INC,Y,A,Interstate,C,CARRIER,1,N,N,,155 N ORANGE AVE,CITY OF INDUSTRY,CA,91744,US,2005-04-28,C,A,114,119
2024-09-07,1738957,,,N,,,,,,,,,,,,,,,,,,
2024-09-07,1740187,,,N,,,,,,,,,,,,,,,,,,
2024-09-07,1745562,,,N,,,,,,,,,,,,,,,,,,
2024-09-07,1747048,,,N,,,,,,,,,,,,,,,,,,
2024-09-07,1747691,,,N,,,,,,,,,,,,,,,,,,
2024-09-07,1757147,,,N,,,,,,,,,,,,,,,,,,
2024-09-07,1769823,,,N,,,,,,,,,,,,,,,,,,
2024-09-07,1773958,PTI SAND AND GRAVEL,P T I SAND AND GRAVEL,Y,A,Interstate,C,CARRIER,1,N,N,,28737 CA 74 - A,LAKE ELSINORE,CA,92532,US,,,A,54,27
2024-09-07,1778554,HERCA CONSTRUCTION SERVICES,HERCA TELECOMM SERVICES INC,Y,A,Interstate,C,CARRIER,1,N,N,,18610 BECK STREET,PERRIS,CA,92570,US,2023-05-25,N,A,25,36
2024-09-07,1778992,,,N,,,,,,,,,,,,,,,,,,
2024-09-07,1783015,,,N,,,,,,,,,,,,,,,,,,
2024-09-07,1783142,,,N,,,,,,,,,,,,,,,,,,
2024-09-07,1800144,,,N,,,,,,,,,,,,,,,,,,
2024-09-07,1800492,,,N,,,,,,,,,,,,,,,,,,
2024-09-07,1804039,SYSCO LOS ANGELES,SYSCO LOS ANGELES INC,Y,A,Interstate,C,CARRIER,1,N,N,,20701 E CURRIER RD,WALNUT,CA,91789,US,,,A,270,199
2024-09-07,1805208,DDP DDL,DEDICATED DELIVERY PROFESSIONALS INC,Y,A,Interstate,C,CARRIER,1,N,N,,10215  PAINTER AVENUE,SANTA FE SPRINGS,CA,90670,US,2021-10-04,N,A,61,76
2024-09-07,1809619,,,N,,,,,,,,,,,,,,,,,,
2024-09-07,1811463,,,N,,,,,,,,,,,,,,,,,,
2024-09-07,1813769,,,N,,,,,,,,,,,,,,,,,,
2024-09-07,1813892,CAL HAZ,TAIT ENVIRONMENTAL SERVICES INC,Y,A,Interstate,C,CARRIER,1,N,N,,701 N PARKCENTER DR,SANTA ANA,CA,92705,US,2023-01-27,N,A,38,49
2024-09-07,1816486,,,N,,,,,,,,,,,,,,,,,,
2024-09-07,1827180,SPRAGUES' READYMIX,SPRAGUES' ROCK AND SAND INC,Y,C,Intrastate Non-Hazmat,C,CARRIER,1,N,N,,230 EAST LONGDEN,IRWINDALE,CA,91706,US,,,A,32,31
2024-09-07,1829579,,,N,,,,,,,,,,,,,,,,,,
2024-09-07,1830061,,,N,,,,,,,,,,,,,,,,,,
2024-09-07,1830384,,,N,,,,,,,,,,,,,,,,,,
2024-09-07,1838651,,,N,,,,,,,,,,,,,,,,,,
2024-09-07,1840079,,,N,,,,,,,,,,,,,,,,,,
2024-09-07,1848100,,,N,,,,,,,,,,,,,,,,,,
2024-09-07,1848932,,,N,,,,,,,,,,,,,,,,,,
2024-09-07,1853360,,,N,,,,,,,,,,,,,,,,,,
2024-09-07,1854165,,,N,,,,,,,,,,,,,,,,,,
2024-09-07,1859123,,,N,,,,,,,,,,,,,,,,,,
2024-09-07,1866586,,,N,,,,,,,,,,,,,,,,,,
2024-09-07,1873218,,,N,,,,,,,,,,,,,,,,,,
2024-09-07,1874088,,,N,,,,,,,,,,,,,,,,,,
2024-09-07,1876217,HENRY AVOCADO CORPORATION,HENRY AVOCADO CORP,Y,C,Intrastate Non-Hazmat,C,CARRIER,1,N,N,,2208 HARMONY GROVE RD,ESCONDIDO,CA,92029,US,,,A,23,29
2024-09-07,1890625,,,N,,,,,,,,,,,,,,,,,,
2024-09-07,1895150,UNIVERSAL PLANT SERVICES,UNIVERSAL PLANT SERVICES OF CALIFORNIA INC,Y,A,Interstate,C,CARRIER,1,N,N,,20545 BELSHAW AVE,CARSON,CA,90746-3505,US,,,A,62,54
2024-09-07,1897904,,,N,,,,,,,,,,,,,,,,,,
2024-09-07,1912173,,,N,,,,,,,,,,,,,,,,,,
2024-09-07,1912671,,,N,,,,,,,,,,,,,,,,,,
2024-09-07,1916881,,,N,,,,,,,,,,,,,,,,,,
2024-09-07,1917702,,,N,,,,,,,,,,,,,,,,,,
2024-09-07,193134,WORLD OIL ENVIRONMENTAL SERVICES,ASBURY ENVIRONMENTAL SERVICES,Y,A,Interstate,C,CARRIER,1,N,N,,1300 S SANTA FE AVENUE,COMPTON,CA,90221,US,2021-12-02,N,A,192,200
2024-09-07,1937803,,,N,,,,,,,,,,,,,,,,,,
2024-09-07,1937870,,,N,,,,,,,,,,,,,,,,,,
2024-09-07,194055,,,N,,,,,,,,,,,,,,,,,,
2024-09-07,1943338,,,N,,,,,,,,,,,,,,,,,,
2024-09-07,1952674,,,N,,,,,,,,,,,,,,,,,,
2024-09-07,195798,,,N,,,,,,,,,,,,,,,,,,
2024-09-07,197051,,,N,,,,,,,,,,,,,,,,,,
2024-09-07,1973907,,,N,,,,,,,,,,,,,,,,,,
2024-09-07,1979691,SECURE TRANSPORTATION,SECURE TRANSPORTATION COMPANY INC,Y,A,Interstate,C,CARRIER,1,Y,N,,12800  CENTER COURT DR SUITE 120,CERRITOS,CA,90703,US,2024-07-09,N,A,30,27
2024-09-07,198761,,,N,,,,,,,,,,,,,,,,,,
2024-09-07,1991754,,,N,,,,,,,,,,,,,,,,,,
2024-09-07,1997848,,,N,,,,,,,,,,,,,,,,,,
2024-09-07,2007610,CALIFORNIA FUELS & LUBRICANTS,AAA OIL INC,Y,A,Interstate,C,CARRIER,1,N,N,,11621 WESTMINSTER AVENUE,GARDEN GROVE,CA,92843,US,2023-07-28,N,A,41,55
2024-09-07,2010875,NEXUS TRANSPORT,NEXUS PACIFIC TRANSPORT INC,Y,A,Interstate,C,CARRIER,1,N,N,,8457 EASTERN AVE UNIT B,BELL GARDENS,CA,90201,US,2024-07-11,N,A,52,63
2024-09-07,2012507,,,N,,,,,,,,,,,,,,,,,,
2024-09-07,2012917,,,N,,,,,,,,,,,,,,,,,,
2024-09-07,2018502,,,N,,,,,,,,,,,,,,,,,,
2024-09-07,2019214,,,N,,,,,,,,,,,,,,,,,,
2024-09-07,20214,GRILEY AIR FREIGHT,SOUTHERN COUNTIES TERMINALS,Y,A,Interstate,C,CARRIER,1,N,N,,5341 WEST 104TH STREET,LOS ANGELES,CA,90045,US,2006-01-31,C,A,125,95
2024-09-07,2022631,ENTERPRISE RENTACAR ALAMO RENTACAR NATIONAL CAR RENTAL ENTERPRISE TRUCK RENTAL,ENTERPRISE RENT-A-CAR COMPANY OF LOS ANGELES LLC,Y,C,Intrastate Non-Hazmat,C,CARRIER,1,Y,N,,9020 AVIATION BLVD,INGLEWOOD,CA,90301,US,,,A,280,1716
2024-09-07,20293,ESTES WEST,G I TRUCKING COMPANY,Y,A,Interstate,C,CARRIER,1,N,N,,14727 ALONDRA BLVD,LA MIRADA,CA,90638-5617,US,2023-08-24,N,A,1805,1951
2024-09-07,2031074,,,N,,,,,,,,,,,,,,,,,,
2024-09-07,203293,,,N,,,,,,,,,,,,,,,,,,
2024-09-07,20342,EMJ - ENCORE METALS - STEEL BAR,EARLE M JORGENSEN CO,Y,A,Interstate,C,CARRIER,1,N,N,,10650 ALAMEDA STREET,LYNWOOD,CA,90262,US,1994-09-21,C,A,167,213
2024-09-07,203461,,,N,,,,,,,,,,,,,,,,,,
2024-09-07,2037368,,,N,,,,,,,,,,,,,,,,,,
2024-09-07,2042509,,,N,,,,,,,,,,,,,,,,,,
2024-09-07,2048045,BRINDERSON,BRINDERSON LP,Y,C,Intrastate Non-Hazmat,C,CARRIER,1,N,N,,18841 S BROADWICK ST,RANCHO DOMINGUEZ,CA,90220,US,,,A,5,29
2024-09-07,2053879,,,N,,,,,,,,,,,,,,,,,,
2024-09-07,2054432,,,N,,,,,,,,,,,,,,,,,,
2024-09-07,2057947,,,N,,,,,,,,,,,,,,,,,,
2024-09-07,2066771,A AND B EXPRESS,GOARCHI INC,Y,A,Interstate,C,CARRIER,1,N,N,,20125 KENDALL DR,SAN BERNARDINO,CA,92407,US,2024-01-18,N,A,31,27
2024-09-07,2067501,,,N,,,,,,,,,,,,,,,,,,
2024-09-07,2069423,,,N,,,,,,,,,,,,,,,,,,
2024-09-07,2071213,,,N,,,,,,,,,,,,,,,,,,
2024-09-07,2080019,,,N,,,,,,,,,,,,,,,,,,
2024-09-07,2083025,SERVICE BROS TRANSPORT,MRS GROUP INC,Y,A,Interstate,C,CARRIER,1,N,N,,305 S 9TH AVE,CITY OF INDUSTRY,CA,91746,US,2023-07-14,N,A,24,29
2024-09-07,2096742,,,N,,,,,,,,,,,,,,,,,,
2024-09-07,2116417,,,N,,,,,,,,,,,,,,,,,,
2024-09-07,2119544,,,N,,,,,,,,,,,,,,,,,,
2024-09-07,2123717,LKQ,LKQ LAKENOR AUTO AND TRUCK SALVAGE INC,Y,A,Interstate,C,CARRIER,1,N,N,,10950 S NORWALK  BLVD,SANTA FE SPRINGS,CA,90670,US,,,A,39,43
2024-09-07,212605,,,N,,,,,,,,,,,,,,,,,,
2024-09-07,2127703,,,N,,,,,,,,,,,,,,,,,,
2024-09-07,2129045,JITC INC,JUST IN TIME CARGO INC,Y,A,Interstate,C,CARRIER,1,N,N,,3525 HYLAND AVE # 100,COSTA MESA,CA,92626,US,2023-06-23,N,A,315,193
2024-09-07,2137871,,,N,,,,,,,,,,,,,,,,,,
2024-09-07,2141826,HARBOR DIVISION,ABSOLUTE WEST CORP,Y,A,Interstate,C,CARRIER,1,N,N,,2201 S SANTA FE AVE,COMPTON,CA,90221-5300,US,2022-09-14,N,A,30,30
2024-09-07,2149637,,,N,,,,,,,,,,,,,,,,,,
2024-09-07,2151884,PREMIER MEAT COMPANY,WAYNE PROVISION COMPANY,Y,A,Interstate,C,CARRIER,1,N,N,,5030 GIFFORD AVE,VERNON,CA,90058,US,2024-03-26,N,A,30,30
2024-09-07,2156896,,,N,,,,,,,,,,,,,,,,,,
2024-09-07,2156927,,,N,,,,,,,,,,,,,,,,,,
2024-09-07,2159336,DESTINATION SHUTTLE SERVICES,DESTINATION SHUTTLE SERVICES LLC,Y,C,Intrastate Non-Hazmat,C,CARRIER,1,Y,N,,6150 W 96TH STREET,LOS ANGELES,CA,90045,US,,,A,97,34
2024-09-07,2162612,,,N,,,,,,,,,,,,,,,,,,
2024-09-07,216875,WM,WASTE MANAGEMENT COLLECTION & RECYCLING INC,Y,C,Intrastate Non-Hazmat,C,CARRIER,1,N,N,,17700 INDIAN STREET,MORENO VALLEY,CA,92551,US,,,A,539,479
2024-09-07,216910,WM,G I INDUSTRIES INC,Y,C,Intrastate Non-Hazmat,C,CARRIER,1,N,N,,195 W  LOS ANGELES AVENUE,SIMI VALLEY,CA,93065,US,,,A,159,158
2024-09-07,217194,,,N,,,,,,,,,,,,,,,,,,
2024-09-07,217407,,,N,,,,,,,,,,,,,,,,,,
2024-09-07,217582,,,N,,,,,,,,,,,,,,,,,,
2024-09-07,2178221,,,N,,,,,,,,,,,,,,,,,,
2024-09-07,2183122,VELOCITY TRUCK RENTAL & LEASING,FLEET LOGIC LLC,Y,A,Interstate,C,CARRIER,1,N,N,,15724 VALLEY BLVD,FONTANA,CA,92335,US,,,A,1,644
2024-09-07,2184736,,,N,,,,,,,,,,,,,,,,,,
2024-09-07,2185107,,,N,,,,,,,,,,,,,,,,,,
2024-09-07,219043,,,N,,,,,,,,,,,,,,,,,,
2024-09-07,2192644,TRANSPORTATION CONCEPTS,PARKING CONCEPTS INC,Y,C,Intrastate Non-Hazmat,C,CARRIER,1,Y,N,,12 MAUCHLY BUILDING I,IRVINE,CA,92618,US,,,A,79,86
2024-09-07,2208517,DISPATCH TRANSPORTATION,COMMODITY TRUCKING ACQUISITION LLC,Y,A,Interstate,C,CARRIER,1,N,N,,14085 MAGNOLIA AV,CHINO,CA,91710,US,2023-09-07,N,A,97,123
2024-09-07,222407,,,N,,,,,,,,,,,,,,,,,,
2024-09-07,2247094,,,N,,,,,,,,,,,,,,,,,,
2024-09-07,2250538,,,N,,,,,,,,,,,,,,,,,,
2024-09-07,2255207,,,N,,,,,,,,,,,,,,,,,,
2024-09-07,2260256,,,N,,,,,,,,,,,,,,,,,,
2024-09-07,2269281,,,N,,,,,,,,,,,,,,,,,,
2024-09-07,2280856,,,N,,,,,,,,,,,,,,,,,,
2024-09-07,2281375,WEST COAST PRIME MEATS,WEST COAST PRIME MEATS LLC,Y,C,Intrastate Non-Hazmat,C,CARRIER,1,N,N,,344 CLIFFWOOD PARK,BREA,CA,92821,US,,,A,37,35
2024-09-07,2286475,STARTON TRUCKING,GLOBAL FREIGHT SERVICES INC,Y,A,Interstate,C,CARRIER,1,N,N,,19130 SAN JOSE AVE,ROWLAND HEIGHTS,CA,91748,US,2022-10-04,N,A,60,60
2024-09-07,2286573,TOSHIBA BUSINESS SOLUTIONS,TOSHIBA AMERICA BUSINESS SOLUTIONS,Y,A,Interstate,C,CARRIER,1,N,N,,25530 COMMERCENTRE DR,LAKE FOREST,CA,92630,US,,,A,74,57
2024-09-07,2288757,MCCOY'S TANK LINES ON TIME WET HOSING,BIO D & LG INC,Y,B,Intrastate Hazmat,C,CARRIER,1,N,N,,11749 WICKS ST,SUN VALLEY,CA,91352,US,,,A,7,4
2024-09-07,2291679,,,N,,,,,,,,,,,,,,,,,,
2024-09-07,230226,GOLD COAST TOURS,HOT DOGGER TOURS INC,Y,A,Interstate,C,CARRIER,1,Y,N,,105 GEMINI AVENUE,BREA,CA,92821,US,2022-03-21,C,A,70,42
2024-09-07,2313530,,,N,,,,,,,,,,,,,,,,,,
2024-09-07,2318998,,,N,,,,,,,,,,,,,,,,,,
2024-09-07,2327937,,,N,,,,,,,,,,,,,,,,,,
2024-09-07,2335454,,,N,,,,,,,,,,,,,,,,,,
2024-09-07,2338592,,,N,,,,,,,,,,,,,,,,,,
2024-09-07,2341248,,,N,,,,,,,,,,,,,,,,,,
2024-09-07,2344239,,,N,,,,,,,,,,,,,,,,,,
2024-09-07,2346100,,,N,,,,,,,,,,,,,,,,,,
2024-09-07,2349743,,,N,,,,,,,,,,,,,,,,,,
2024-09-07,2357248,,,N,,,,,,,,,,,,,,,,,,
2024-09-07,2361583,,,N,,,,,,,,,,,,,,,,,,
2024-09-07,2366832,LOS ALTOS FOODS,CORALIN LLC,Y,A,Interstate,C,CARRIER,1,N,N,,450 BALDWIN PARK BLVD,CITY OF INDUSTRY,CA,91746,US,,,A,28,28
2024-09-07,2371655,,,N,,,,,,,,,,,,,,,,,,
2024-09-07,2374229,PRESTIGE,PRESTIGE TRANSPORTATION INC,Y,A,Interstate,C,CARRIER,1,N,N,,8606 HEMLOCK AVENUE,FONTANA,CA,92335,US,2023-06-22,C,A,42,42
2024-09-07,2376402,,,N,,,,,,,,,,,,,,,,,,
2024-09-07,2376846,SUNRISE PRODUCE,LOEWY ENTERPRISE,Y,A,Interstate,C,CARRIER,1,N,N,,500 BURNING TREE RD,FULLERTON,CA,92833,US,2023-08-31,N,A,70,77
2024-09-07,2378893,,,N,,,,,,,,,,,,,,,,,,
2024-09-07,238055,,,N,,,,,,,,,,,,,,,,,,
2024-09-07,2387259,ROAD AND BRIDGE GENERAL CONTRACTOR,PETERSON CHASE GENERAL ENGINEERING CONSTRUCTION INC,Y,B,Intrastate Hazmat,C,CARRIER,1,N,N,,16351 CONSTRUCTION CIRCLE WEST,IRVINE,CA,92606,US,2017-11-08,N,A,55,57
2024-09-07,2388141,,,N,,,,,,,,,,,,,,,,,,
2024-09-07,2390237,,,N,,,,,,,,,,,,,,,,,,
2024-09-07,2396543,,,N,,,,,,,,,,,,,,,,,,
2024-09-07,2400195,,,N,,,,,,,,,,,,,,,,,,
2024-09-07,2402067,,,N,,,,,,,,,,,,,,,,,,
2024-09-07,2408861,,,N,,,,,,,,,,,,,,,,,,
2024-09-07,2411603,,,N,,,,,,,,,,,,,,,,,,
2024-09-07,2414425,VITCO FOOD SERVICE,VITCO DISTRIBUTORS INC,Y,A,Interstate,C,CARRIER,1,N,N,,715 E CALIFORNIA ST,ONTARIO,CA,91761,US,2024-06-13,N,A,65,67
2024-09-07,2414845,,,N,,,,,,,,,,,,,,,,,,
2024-09-07,2415193,,,N,,,,,,,,,,,,,,,,,,
2024-09-07,2417797,,,N,,,,,,,,,,,,,,,,,,
2024-09-07,2428313,,,N,,,,,,,,,,,,,,,,,,
2024-09-07,2431887,,,N,,,,,,,,,,,,,,,,,,
2024-09-07,2436144,,,N,,,,,,,,,,,,,,,,,,
2024-09-07,2437359,,,N,,,,,,,,,,,,,,,,,,
2024-09-07,2437733,,,N,,,,,,,,,,,,,,,,,,
2024-09-07,244010,WP TANK LINES,R F WHITE CO INC,Y,A,Interstate,C,CARRIER,1,N,N,,1401 EAST ARROW HIGHWAY,UPLAND,CA,91786-4915,US,2020-10-07,N,A,54,35
2024-09-07,2452288,ACORN PAPER PRODUCTS,OAK PAPER PRODUCTS CO INC,Y,A,Interstate,C,CARRIER,1,N,N,,3686 E OLYMPIC BLVD,LOS ANGELES,CA,90023,US,,,A,25,29
2024-09-07,245718,,,N,,,,,,,,,,,,,,,,,,
2024-09-07,2458141,GREAT SCOTT TREE CARE INC,GREAT SCOTT TREE SERVICE,Y,C,Intrastate Non-Hazmat,C,CARRIER,1,N,N,,10761 COURT AVE,STANTON,CA,90680,US,,,A,98,97
2024-09-07,2461971,,,N,,,,,,,,,,,,,,,,,,
2024-09-07,2464616,,,N,,,,,,,,,,,,,,,,,,
2024-09-07,2466369,,,N,,,,,,,,,,,,,,,,,,
2024-09-07,2478338,PREMIER FUEL DELIVERY SERVICE,PREMIER FUEL DISTRIBUTORS INC,Y,A,Interstate,C,CARRIER,1,N,N,,156 E LA CADENA DR,RIVERSIDE,CA,92507,US,2024-04-23,N,A,77,45
2024-09-07,2478816,,,N,,,,,,,,,,,,,,,,,,
2024-09-07,2481658,SUPPOSE U DRIVE TRUCK RENTAL & LEASING,SUPPOSE U DRIVE INC,Y,A,Interstate,C,CARRIER,1,N,N,,1010 EAST HOLT BOULEVARD,ONTARIO,CA,91761,US,,,A,13,361
2024-09-07,2483381,,,N,,,,,,,,,,,,,,,,,,
2024-09-07,2486976,,,N,,,,,,,,,,,,,,,,,,
2024-09-07,2495633,ALVAND,ALVAND TRANSPORTATION CORP,Y,A,Interstate,C,CARRIER,1,Y,N,,11057 PENROSE STREET,SUNVALLEY,CA,91352,US,2024-03-13,N,A,42,33
2024-09-07,2498273,,,N,,,,,,,,,,,,,,,,,,
2024-09-07,2511090,JUNCTION COLLABORATIVE TRANSPORTS,JUNCTION VENTURES LLC,Y,A,Interstate,C,CARRIER,1,N,N,,100 W VICTORIA ST,LONG BEACH,CA,90805,US,2023-02-27,N,A,148,101
2024-09-07,2515079,,,N,,,,,,,,,,,,,,,,,,
2024-09-07,2521437,,,N,,,,,,,,,,,,,,,,,,
2024-09-07,2521856,,,N,,,,,,,,,,,,,,,,,,
2024-09-07,2522398,,,N,,,,,,,,,,,,,,,,,,
2024-09-07,2524342,,,N,,,,,,,,,,,,,,,,,,
2024-09-07,2526196,STATEWIDE SAFETY SYSTEMS INC,STATEWIDE TRAFFIC SAFETY AND SIGNS INC,Y,A,Interstate,C,CARRIER,1,N,N,,2722 S FAIRVIEW AVENUE,SANTA ANA,CA,92704,US,,,A,146,146
2024-09-07,2527771,CARGO EXPRESS FREIGHT,CARGO EXPRESS FREIGHT TRANSPORTATION INC,Y,A,Interstate,C,CARRIER,1,N,N,,2209 W ARROW ROUTE,UPLAND,CA,91786,US,2023-08-03,N,A,25,28
2024-09-07,2533185,,,N,,,,,,,,,,,,,,,,,,
2024-09-07,2541280,NONE,HARBOR PRIDE LOGISTICS,Y,A,Interstate,C,CARRIER,1,N,N,,65 PINE AVE SUITE 808,LONG BEACH,CA,90802,US,2022-06-07,N,A,30,30
2024-09-07,2550342,,,N,,,,,,,,,,,,,,,,,,
2024-09-07,2550732,,,N,,,,,,,,,,,,,,,,,,
2024-09-07,2558709,,,N,,,,,,,,,,,,,,,,,,
2024-09-07,256299,,,N,,,,,,,,,,,,,,,,,,
2024-09-07,2564325,MBS EQUIPMENT COMPANY,MBS PRODUCTION SERVICES LLC,Y,A,Interstate,C,CARRIER,1,N,N,,1600 ROSECRANS AVE,MANHATTAN BEACH,CA,90266,US,,,A,40,133
2024-09-07,2564966,,,N,,,,,,,,,,,,,,,,,,
2024-09-07,2566731,,,N,,,,,,,,,,,,,,,,,,
2024-09-07,2574872,,,N,,,,,,,,,,,,,,,,,,
2024-09-07,2577714,,,N,,,,,,,,,,,,,,,,,,
2024-09-07,2577901,,,N,,,,,,,,,,,,,,,,,,
2024-09-07,2582067,,,N,,,,,,,,,,,,,,,,,,
2024-09-07,2583233,,,N,,,,,,,,,,,,,,,,,,
2024-09-07,2599577,ARIJET COMMUNICATION,ARIJET CORPORATION,Y,C,Intrastate Non-Hazmat,C,CARRIER,1,N,N,,1114 MAGNOLIA AVE,ONTARIO,CA,91762,US,,,A,38,38
2024-09-07,2600514,CAPO BUILDING SPECIALTIES,THE BIG COMPANY INC,Y,A,Interstate,C,CARRIER,1,N,N,,26401 VIA DE ANZA,SAN JUAN CAPISTRANO,CA,92675,US,2020-05-06,N,A,26,26
2024-09-07,2600613,,,N,,,,,,,,,,,,,,,,,,
2024-09-07,2600839,,,N,,,,,,,,,,,,,,,,,,
2024-09-07,260219,,,N,,,,,,,,,,,,,,,,,,
2024-09-07,2602491,,,N,,,,,,,,,,,,,,,,,,
2024-09-07,2603663,,,N,,,,,,,,,,,,,,,,,,
2024-09-07,2604962,NA,PETRELLI ELECTRIC INC,Y,C,Intrastate Non-Hazmat,C,CARRIER,1,N,N,,11615 DAVENPORT ROAD,AGUA DULCE,CA,91390,US,,,A,120,190
2024-09-07,2605024,,,N,,,,,,,,,,,,,,,,,,
2024-09-07,2605264,RENT IT TRUCK RENTALS,S T RENT IT INC,Y,C,Intrastate Non-Hazmat,C,CARRIER,1,N,N,,2081 FIRST ST SUITE 200,SIMI VALLEY,CA,93065,US,,,A,8,115
2024-09-07,2606519,,,N,,,,,,,,,,,,,,,,,,
2024-09-07,2607762,SOUTHWEST SCHOOL & OFFICE SUPPLY,S W SCHOOL SUPPLY INC,Y,C,Intrastate Non-Hazmat,C,CARRIER,1,N,N,,3790 SE FOREST CIRCLE,JURUPA VALLEY,CA,91752,US,,,A,26,26
2024-09-07,2611395,,,N,,,,,,,,,,,,,,,,,,
2024-09-07,2611455,,,N,,,,,,,,,,,,,,,,,,
2024-09-07,2611714,,,N,,,,,,,,,,,,,,,,,,
2024-09-07,2612463,,,N,,,,,,,,,,,,,,,,,,
2024-09-07,2613508,QUINN,QUINN LIFT INC,Y,C,Intrastate Non-Hazmat,C,CARRIER,1,N,N,,10006 ROSE HILLS RD,CITY OF INDUSTRY,CA,90601,US,,,A,52,42
2024-09-07,2613602,QUINN & MONARCH POWER SUPPLY,QUINN COMPANY,Y,C,Intrastate Non-Hazmat,C,CARRIER,1,N,N,,10006 ROSE HILLS ROAD,CITY OF INDUSTRY,CA,90601,US,,,A,364,326
2024-09-07,2613647,WEST COAST GENERAL CONTRACTORS,ANDYS PRECISION SEAL AND STRIPE INC,Y,C,Intrastate Non-Hazmat,C,CARRIER,1,N,N,,31936 CASTAIC ROAD,CASTAIC,CA,91384,US,,,A,28,33
2024-09-07,2614879,,,N,,,,,,,,,,,,,,,,,,
2024-09-07,2616987,,,N,,,,,,,,,,,,,,,,,,
2024-09-07,2617286,165401,AIR FAYRE CA INC,Y,C,Intrastate Non-Hazmat,C,CARRIER,1,N,N,,1720 W 135TH ST,GARDENA,CA,90249,US,,,A,126,61
2024-09-07,2617694,,,N,,,,,,,,,,,,,,,,,,
2024-09-07,2618173,EXCEL PAVIING AND GAP EQUIPMENT,PALP INC,Y,C,Intrastate Non-Hazmat,C,CARRIER,1,N,N,,2230 LEMON AVE,LONG BEACH,CA,90806,US,,,A,25,30
2024-09-07,2619659,,,N,,,,,,,,,,,,,,,,,,
2024-09-07,2621098,PLATINUM SEDAN AND LIMOUSINE,LIMO4ME INC,Y,C,Intrastate Non-Hazmat,C,CARRIER,1,Y,N,,21205 S MAIN STREET,CARSON,CA,90745,US,,,A,23,33
2024-09-07,2621284,,,N,,,,,,,,,,,,,,,,,,
2024-09-07,2621680,,,N,,,,,,,,,,,,,,,,,,
2024-09-07,2621700,,,N,,,,,,,,,,,,,,,,,,
2024-09-07,2621957,,,N,,,,,,,,,,,,,,,,,,
2024-09-07,2621960,,,N,,,,,,,,,,,,,,,,,,
2024-09-07,2626562,,,N,,,,,,,,,,,,,,,,,,
2024-09-07,2630560,,,N,,,,,,,,,,,,,,,,,,
2024-09-07,2632844,NORTHWEST LANDSCAPE SERVICES SIGNATURE LANDSCAPE SERVICES,MONARCH LANDSCAPING,Y,C,Intrastate Non-Hazmat,C,CARRIER,1,N,N,,550 S HOPE STREET SUITE 1675,LOG ANGELES,CA,90071,US,,,A,280,271
2024-09-07,2636829,,,N,,,,,,,,,,,,,,,,,,
2024-09-07,2637128,,,N,,,,,,,,,,,,,,,,,,
2024-09-07,2639699,,,N,,,,,,,,,,,,,,,,,,
2024-09-07,2644501,SUN SHUTTLE & TRANSIT,FILLMORE AREA TRANSIT CORPORATION,Y,C,Intrastate Non-Hazmat,C,CARRIER,1,Y,N,,359 CENTRAL AVE,FILLMORE,CA,93015,US,,,A,50,50
2024-09-07,2645233,VALLEY CENTER BLDG 6 FLEET SERVICES,DEPARTMENT OF WATER & POWER CITY OF LOS ANGELES,Y,A,Interstate,C,CARRIER,1,N,N,,111 N HOPE ST,LOS ANGELES,CA,90012,US,2022-03-23,N,A,1980,2427
2024-09-07,2645274,,,N,,,,,,,,,,,,,,,,,,
2024-09-07,2646713,N-MUSD,NEWPORT MESA UNIFIED SCHOOL DISTRICT,Y,C,Intrastate Non-Hazmat,C,CARRIER,1,N,N,,2985 BEAR ST BLD D,COSTA MESA,CA,92626,US,,,A,58,65
2024-09-07,2646824,,,N,,,,,,,,,,,,,,,,,,
2024-09-07,2647441,,,N,,,,,,,,,,,,,,,,,,
2024-09-07,2649059,,,N,,,,,,,,,,,,,,,,,,
2024-09-07,2649662,,,N,,,,,,,,,,,,,,,,,,
2024-09-07,2650074,,,N,,,,,,,,,,,,,,,,,,
2024-09-07,2650419,A & A CONCRETE SUPPLY,A & A READY MIXED CONCRETE INC,Y,A,Interstate,C,CARRIER,1,N,N,,4621 TELLER AVE #130,NEWPORT BEACH,CA,92660,US,2022-08-04,N,A,185,180
2024-09-07,2651025,ARYA ICE CREAM,ARYA ICE CREAM DIST CO INC,Y,C,Intrastate Non-Hazmat,C,CARRIER,1,N,N,,914 EAST 31ST STREET,LOS ANGELES,CA,90011,US,,,A,33,32
2024-09-07,2651952,,,N,,,,,,,,,,,,,,,,,,
2024-09-07,2652179,,,N,,,,,,,,,,,,,,,,,,
2024-09-07,2653315,,,N,,,,,,,,,,,,,,,,,,
2024-09-07,2653572,,,N,,,,,,,,,,,,,,,,,,
2024-09-07,2654094,,,N,,,,,,,,,,,,,,,,,,
2024-09-07,2654133,,,N,,,,,,,,,,,,,,,,,,
2024-09-07,2654279,PDQ RENTALS,PDQ ENTERPRISES INC,Y,C,Intrastate Non-Hazmat,C,CARRIER,1,N,N,,10826 SHOEMAKER AVE,SANTA FE SPRINGS,CA,90670-4531,US,,,A,29,188
2024-09-07,2654324,,,N,,,,,,,,,,,,,,,,,,
2024-09-07,2654325,,,N,,,,,,,,,,,,,,,,,,
2024-09-07,2654500,,,N,,,,,,,,,,,,,,,,,,
2024-09-07,2654660,,,N,,,,,,,,,,,,,,,,,,
2024-09-07,2654873,MEDICO HEALTHCARE LINEN SERVICE MEDICO,AMERICAN TEXTILE MAINTENANCE COMPANY,Y,C,Intrastate Non-Hazmat,C,CARRIER,1,N,N,,1667 W WASHINGTON BLVD,LOS ANGELES,CA,90007,US,,,A,125,139
2024-09-07,2655879,,,N,,,,,,,,,,,,,,,,,,
2024-09-07,2656539,,,N,,,,,,,,,,,,,,,,,,
2024-09-07,2657441,SOTO FOOD SERVICE,SOTO PROVISION INC,Y,A,Interstate,C,CARRIER,1,N,N,,488 PARRIOT PLACE,CITY OF INDUSTRY,CA,91745,US,2023-01-24,N,A,24,28
2024-09-07,2657534,,,N,,,,,,,,,,,,,,,,,,
2024-09-07,2658294,,,N,,,,,,,,,,,,,,,,,,
2024-09-07,2659064,SIGNATURE PARTY RENTALS,TAMME INC,Y,C,Intrastate Non-Hazmat,C,CARRIER,1,N,N,,3100 S SUSAN ST,SANTA ANA,CA,92704,US,,,A,42,34
2024-09-07,2659107,TUMBLEWEED TRANSPORTATION,TUMBLEWEED EDUCATIONAL ENTERPRISES INC,Y,C,Intrastate Non-Hazmat,C,CARRIER,1,Y,N,,2720 COMPTON AVENUE,LOS ANGELES,CA,90011,US,,,A,148,171
2024-09-07,2659932,,,N,,,,,,,,,,,,,,,,,,
2024-09-07,2660020,,,N,,,,,,,,,,,,,,,,,,
2024-09-07,2660523,,,N,,,,,,,,,,,,,,,,,,
2024-09-07,2660911,,,N,,,,,,,,,,,,,,,,,,
2024-09-07,2661707,,,N,,,,,,,,,,,,,,,,,,
2024-09-07,2662228,,,N,,,,,,,,,,,,,,,,,,
2024-09-07,2662292,ACTION AIR CONDITIONING & HEATING,ACCURATE COMFORT SYSTEMS INC,Y,C,Intrastate Non-Hazmat,C,CARRIER,1,N,N,,130 BOSSTICK BLVD,SAN MARCOS,CA,92069,US,,,A,77,71
2024-09-07,2662795,M R DRILLING,J & H DRILLING CO INC,Y,C,Intrastate Non-Hazmat,C,CARRIER,1,N,N,,13124 FIRESTONE BLVD,SANTA FE SPRINGS,CA,90670,US,,,A,12,27
2024-09-07,2662870,,,N,,,,,,,,,,,,,,,,,,
2024-09-07,2663427,,,N,,,,,,,,,,,,,,,,,,
2024-09-07,2663459,,,N,,,,,,,,,,,,,,,,,,
2024-09-07,2663736,ANHEUSER-BUSCH SALES POMONA,ANHEUSER-BUSCH WHOLESALE DEVELOPMENT CORP,Y,C,Intrastate Non-Hazmat,C,CARRIER,1,N,N,,2800 S RESERVOIR ST,POMONA,CA,91766,US,,,A,60,97
2024-09-07,2664243,,,N,,,,,,,,,,,,,,,,,,
2024-09-07,2664325,,,N,,,,,,,,,,,,,,,,,,
2024-09-07,2666127,HUNTINGTON BEACH UNION HIGH SCHOOL DISTRICT,HUNTINGTON BEACH UNION HIGH SCHOOL DISTR,Y,C,Intrastate Non-Hazmat,C,CARRIER,1,N,N,,7180 YORKTOWN AVE,HUNTINGTON BEACH,CA,92648,US,,,A,51,53
2024-09-07,2666467,,,N,,,,,,,,,,,,,,,,,,
2024-09-07,2666684,,,N,,,,,,,,,,,,,,,,,,
2024-09-07,2667081,MIKE DIAMOND PLUMBING GEORGE BRAZIL PLUMBING,PHACE MANAGEMENT SERVICES LLC,Y,C,Intrastate Non-Hazmat,C,CARRIER,1,N,N,,3801 LENAWEE AVENUE,CULVER CITY,CA,90232,US,,,A,58,58
2024-09-07,2668075,,,N,,,,,,,,,,,,,,,,,,
2024-09-07,2669302,,,N,,,,,,,,,,,,,,,,,,
2024-09-07,2669540,,,N,,,,,,,,,,,,,,,,,,
2024-09-07,2670347,,,N,,,,,,,,,,,,,,,,,,
2024-09-07,2670492,INDIVIDUAL FOODSERVICE,PERRIN BERNARD SUPOWITZ LLC,Y,C,Intrastate Non-Hazmat,C,CARRIER,1,N,N,,5496 LINDBERGH LN,BELL,CA,90201,US,,,A,116,115
2024-09-07,2670640,THE ALMANSOR EDUCATIONAL CENTER,INSTITUTE FOR THE REDESIGN OF LEARNING,Y,C,Intrastate Non-Hazmat,C,CARRIER,1,N,N,,1955 FREMONT AVE,SOUTH PASADENA,CA,91030,US,,,A,38,37
2024-09-07,2670922,YAAMAVA RESORT & CASINO AT SAN MANUEL,SAN MANUEL BAND OF MISSION INDIANS,Y,C,Intrastate Non-Hazmat,C,CARRIER,1,Y,N,,777 SAN MANUEL BLVD,HIGHLAND,CA,92346,US,,,A,94,48
2024-09-07,2671030,GTRANS,CITY OF GARDENA,Y,C,Intrastate Non-Hazmat,C,CARRIER,1,N,N,,13999 S WESTERN AVE,GARDENA,CA,90249,US,,,A,113,59
2024-09-07,2672147,,,N,,,,,,,,,,,,,,,,,,
2024-09-07,2672614,,,N,,,,,,,,,,,,,,,,,,
2024-09-07,2672874,,,N,,,,,,,,,,,,,,,,,,
2024-09-07,2673483,H U S D,HEMET UNIFIED SCHOOL DISTRICT,Y,C,Intrastate Non-Hazmat,C,CARRIER,1,N,N,,1791 W ACACIA AVE,HEMET,CA,92545,US,,,A,204,331
2024-09-07,2673527,,,N,,,,,,,,,,,,,,,,,,
2024-09-07,2674086,ALTAMED HEALTH SERVICES,ALTAMED HEALTH SERVICES CORPORATION,Y,C,Intrastate Non-Hazmat,C,CARRIER,1,Y,N,,249 E POMONA BLVD,MONTEREY PARK,CA,91755,US,,,A,60,53
2024-09-07,2675116,,,N,,,,,,,,,,,,,,,,,,
2024-09-07,2675139,,,N,,,,,,,,,,,,,,,,,,
2024-09-07,2677916,,,N,,,,,,,,,,,,,,,,,,
2024-09-07,2678625,,,N,,,,,,,,,,,,,,,,,,
2024-09-07,2679892,,,N,,,,,,,,,,,,,,,,,,
2024-09-07,2684275,,,N,,,,,,,,,,,,,,,,,,
2024-09-07,2684879,,,N,,,,,,,,,,,,,,,,,,
2024-09-07,2687760,,,N,,,,,,,,,,,,,,,,,,
2024-09-07,2687891,RIGHTWAY PORTABLE TOILETS TEMPORARY POWER POLES STORAGE CONTAINERS SEPTIC TANK PUMPING,RIGHTWAY SITE SERVICES INC,Y,C,Intrastate Non-Hazmat,C,CARRIER,1,N,N,,653 W MINTHORN ST,LAKE ELSINORE,CA,92530,US,,,A,7,31
2024-09-07,2688159,,,N,,,,,,,,,,,,,,,,,,
2024-09-07,2692510,SIRREEL STUDIO SERVICES,SIRREEL PRODUCTION VEHICLES INC,Y,A,Interstate,C,CARRIER,1,N,N,,8500 LANKERSHIM BLVD,SUN VALLEY,CA,91352,US,,,A,1,75
2024-09-07,2692611,,,N,,,,,,,,,,,,,,,,,,
2024-09-07,26929,JM EAGLE INC,JM MANUFACTURING CO INC,Y,A,Interstate,C,CARRIER,1,N,N,,5200 WEST CENTURY BLVD,LOS ANGELES,CA,90045,US,2019-02-25,N,A,66,90
2024-09-07,2694368,PCA MANAGEMENT,PCAM LLC,Y,C,Intrastate Non-Hazmat,C,CARRIER,1,Y,N,,3165 GARFIELD AVE,COMMERCE,CA,90040,US,,,A,68,51
2024-09-07,2697459,,,N,,,,,,,,,,,,,,,,,,
2024-09-07,2700350,,,N,,,,,,,,,,,,,,,,,,
2024-09-07,2703580,CHINO ICE SERVICE,COLD STAR EQUIPMENT INC,Y,A,Interstate,C,CARRIER,1,N,N,,3640 FRANCIS AVE,CHINO,CA,91710,US,2018-02-20,N,A,28,32
2024-09-07,2705047,,,N,,,,,,,,,,,,,,,,,,
2024-09-07,2708384,,,N,,,,,,,,,,,,,,,,,,
2024-09-07,2709192,,,N,,,,,,,,,,,,,,,,,,
2024-09-07,2709499,,,N,,,,,,,,,,,,,,,,,,
2024-09-07,2713605,,,N,,,,,,,,,,,,,,,,,,
2024-09-07,2713675,,,N,,,,,,,,,,,,,,,,,,
2024-09-07,2714701,TEMCO LOGISTICS,HOME EXPRESS DELIVERY SERVICE LLC,Y,A,Interstate,C,CARRIER,1,N,N,,25361 COMMERCENTRE DRIVE STE 250,LAKE FOREST,CA,92630,US,2023-10-18,N,A,1369,1502
2024-09-07,2715347,,,N,,,,,,,,,,,,,,,,,,
2024-09-07,2717862,,,N,,,,,,,,,,,,,,,,,,
2024-09-07,2718140,FAITH ELECTIC LLC,FAITH ELECTRIC AND GENERAL BUILDING CONTRACTORS LLC,Y,A,Interstate,C,CARRIER,1,N,N,,1980 ORANGE TREE LANE STE 106,REDLANDS,CA,92374,US,2024-06-04,N,A,130,35
2024-09-07,2719785,,,N,,,,,,,,,,,,,,,,,,
2024-09-07,2720928,,,N,,,,,,,,,,,,,,,,,,
2024-09-07,2721164,,,N,,,,,,,,,,,,,,,,,,
2024-09-07,2722416,,,N,,,,,,,,,,,,,,,,,,
2024-09-07,2728779,,,N,,,,,,,,,,,,,,,,,,
2024-09-07,2729017,UNITED HAULING CORPORATION,NATIONAL READY MIXED SERVICES,Y,C,Intrastate Non-Hazmat,C,CARRIER,1,N,N,,15821 VENTURA BLVD STE 475,ENCINO,CA,91436,US,,,A,39,39
2024-09-07,2729062,,,N,,,,,,,,,,,,,,,,,,
2024-09-07,2729303,PRESTIGE PAVING COMPANY,PRESTIGE STRIPING SERVICES INC,Y,C,Intrastate Non-Hazmat,C,CARRIER,1,N,N,,1054 RAILROAD STREET,CORONA,CA,92882,US,,,A,30,30
2024-09-07,2729595,,,N,,,,,,,,,,,,,,,,,,
2024-09-07,2733302,,,N,,,,,,,,,,,,,,,,,,
2024-09-07,2734046,,,N,,,,,,,,,,,,,,,,,,
2024-09-07,2735822,LONG BEACH TRANSIT LBT,LONG BEACH PUBLIC TRANSPORTATION COMPANY,Y,C,Intrastate Non-Hazmat,C,CARRIER,1,Y,N,,1963 E ANAHEIM STREET,LONG BEACH,CA,90813,US,,,A,458,249
2024-09-07,2735939,,,N,,,,,,,,,,,,,,,,,,
2024-09-07,2736165,,,N,,,,,,,,,,,,,,,,,,
2024-09-07,2738948,,,N,,,,,,,,,,,,,,,,,,
2024-09-07,2738955,,,N,,,,,,,,,,,,,,,,,,
2024-09-07,2739016,CLEAN & GREEN,LOS ANGELES CONSERVATION CORPS,Y,C,Intrastate Non-Hazmat,C,CARRIER,1,N,N,,1400 N SPRING STREET,LOS ANGELES,CA,90012,US,,,A,100,77
2024-09-07,2739043,,,N,,,,,,,,,,,,,,,,,,
2024-09-07,2740070,CALIFORNIA COACH TOW OF ORANGE,CALIFORNIA COACH ORANGE INC,Y,C,Intrastate Non-Hazmat,C,CARRIER,1,N,N,,572 N BATAVIA,ORANGE,CA,92868,US,,,A,30,34
2024-09-07,2740312,THERMO KING,TK SERVICES INC,Y,C,Intrastate Non-Hazmat,C,CARRIER,1,N,N,,23935 MADISON ST,TORRANCE,CA,90505,US,,,A,2,29
2024-09-07,2741136,,,N,,,,,,,,,,,,,,,,,,
2024-09-07,2741291,,,N,,,,,,,,,,,,,,,,,,
2024-09-07,2741609,UNITED ELECTRIC SUPPLY COMPANY GROUND ZERO SAF-COM,MAIN ELECTRIC SUPPLY COMPANY LLC,Y,A,Interstate,C,CARRIER,1,N,N,,3600 W SEGERSTROM AVE,SANTA ANA,CA,92704,US,2024-05-07,N,A,132,127
2024-09-07,2741781,,,N,,,,,,,,,,,,,,,,,,
2024-09-07,2741967,FULLERTON JOINT UNION HIGH SCHOOL DISTRICT,FULLERTON UNION HIGH SCHOOL DISTRICT,Y,C,Intrastate Non-Hazmat,C,CARRIER,1,Y,N,,1051 WEST BASTANCHURY RD,FULLERTON,CA,92833,US,,,A,30,53
2024-09-07,2743025,,,N,,,,,,,,,,,,,,,,,,
2024-09-07,2743211,,,N,,,,,,,,,,,,,,,,,,
2024-09-07,2743329,,,N,,,,,,,,,,,,,,,,,,
2024-09-07,2743369,,,N,,,,,,,,,,,,,,,,,,
2024-09-07,2744060,,,N,,,,,,,,,,,,,,,,,,
2024-09-07,2744770,,,N,,,,,,,,,,,,,,,,,,
2024-09-07,2745157,,,N,,,,,,,,,,,,,,,,,,
2024-09-07,2745504,,,N,,,,,,,,,,,,,,,,,,
2024-09-07,2745606,,,N,,,,,,,,,,,,,,,,,,
2024-09-07,2747833,ACE FENCE COMPANY,AZ CONSTRUCTION INC,Y,C,Intrastate Non-Hazmat,C,CARRIER,1,N,N,,727 GLENDORA AVE,LA PUENTE,CA,91744,US,,,A,69,69
2024-09-07,2748040,AC PRO,MATERIAL SUPPLY INC,Y,A,Interstate,C,CARRIER,1,N,N,,11700 INDUSTRY AVENUE,FONTANA,CA,92337,US,2017-10-10,N,A,45,45
2024-09-07,2748282,PACIFIC OUTDOOR LIVING,PACIFIC PAVINGSTONE INC,Y,C,Intrastate Non-Hazmat,C,CARRIER,1,N,N,,8309 TUJUNGA AVE #201,SUN VALLEY,CA,91352,US,,,A,40,36
2024-09-07,2748606,,,N,,,,,,,,,,,,,,,,,,
2024-09-07,2750293,,,N,,,,,,,,,,,,,,,,,,
2024-09-07,2751232,,,N,,,,,,,,,,,,,,,,,,
2024-09-07,2752052,,,N,,,,,,,,,,,,,,,,,,
2024-09-07,2752546,,,N,,,,,,,,,,,,,,,,,,
2024-09-07,2752988,,,N,,,,,,,,,,,,,,,,,,
2024-09-07,2762351,,,N,,,,,,,,,,,,,,,,,,
2024-09-07,2763443,,,N,,,,,,,,,,,,,,,,,,
2024-09-07,2765288,E NOR TRAFFIC CONTROL & SAFETY,E NOR INNOVATIONS INC,Y,C,Intrastate Non-Hazmat,C,CARRIER,1,N,N,,17311 S MAIN ST,GARDENA,CA,90248,US,,,A,15,28
2024-09-07,2765443,,,N,,,,,,,,,,,,,,,,,,
2024-09-07,2769976,BRIGHT EVENT RENTALS,BRIGHT EVENT RENTALS LLC,Y,A,Interstate,C,CARRIER,1,N,N,,1640 W 190TH ST,TORRANCE,CA,90501,US,2023-06-12,N,A,156,156
2024-09-07,2770026,DELIVER-IT,DI OVERNITE LLC,Y,A,Interstate,C,CARRIER,1,N,N,,14043 STAGE ROAD,SANTA FE SPRINGS,CA,90670,US,,,A,32,35
2024-09-07,2772312,,,N,,,,,,,,,,,,,,,,,,
2024-09-07,2774323,,,N,,,,,,,,,,,,,,,,,,
2024-09-07,2775886,,,N,,,,,,,,,,,,,,,,,,
2024-09-07,2776621,RENEWAL BY ANDERSON OF ORANGE COUNTY,LOS ANGELES CUSTOM WINDOWS INC,Y,B,Intrastate Hazmat,C,CARRIER,1,N,N,,22982 ALCALDE DR STE #100,LAGUNA HILLS,CA,92653,US,,,A,35,33
2024-09-07,2777756,A-1 TOTAL SERVICE PLUMBING,A-1 TOTAL SERVICE CONSTRUCTION INC,Y,C,Intrastate Non-Hazmat,C,CARRIER,1,N,N,,3025 W ARTESIA BLVD #81,TORRANCE,CA,90504,US,,,A,27,63
2024-09-07,2779502,,,N,,,,,,,,,,,,,,,,,,
2024-09-07,2780117,,,N,,,,,,,,,,,,,,,,,,
2024-09-07,2784263,,,N,,,,,,,,,,,,,,,,,,
2024-09-07,2786144,,,N,,,,,,,,,,,,,,,,,,
2024-09-07,2791530,,,N,,,,,,,,,,,,,,,,,,
2024-09-07,2792407,,,N,,,,,,,,,,,,,,,,,,
2024-09-07,2804750,,,N,,,,,,,,,,,,,,,,,,
2024-09-07,2805050,,,N,,,,,,,,,,,,,,,,,,
2024-09-07,2805456,,,N,,,,,,,,,,,,,,,,,,
2024-09-07,2805704,,,N,,,,,,,,,,,,,,,,,,
2024-09-07,2806104,,,N,,,,,,,,,,,,,,,,,,
2024-09-07,2806547,BLUE DIAMOND MATERIALS & UNITED ROCK PRODUCTS,SULLY MILLER CONTRACTING COMPANY,Y,B,Intrastate Hazmat,C,CARRIER,1,N,N,,135 S STATE COLLEGE BLVD STE 400,BREA,CA,92821,US,,,A,89,82
2024-09-07,2806956,,,N,,,,,,,,,,,,,,,,,,
2024-09-07,2807147,,,N,,,,,,,,,,,,,,,,,,
2024-09-07,2807445,,,N,,,,,,,,,,,,,,,,,,
2024-09-07,2807526,,,N,,,,,,,,,,,,,,,,,,
2024-09-07,2807553,,,N,,,,,,,,,,,,,,,,,,
2024-09-07,2807610,,,N,,,,,,,,,,,,,,,,,,
2024-09-07,2807668,,,N,,,,,,,,,,,,,,,,,,
2024-09-07,2807833,,,N,,,,,,,,,,,,,,,,,,
2024-09-07,2807951,,,N,,,,,,,,,,,,,,,,,,
2024-09-07,2808027,,,N,,,,,,,,,,,,,,,,,,
2024-09-07,2808109,,,N,,,,,,,,,,,,,,,,,,
2024-09-07,2808171,OCTA,ORANGE COUNTY TRANSPORTATION AUTHORITY,Y,C,Intrastate Non-Hazmat,C,CARRIER,1,N,N,,600 SOUTH MAIN ST,ORANGE,CA,92868,US,,,A,1699,406
2024-09-07,2808416,,,N,,,,,,,,,,,,,,,,,,
2024-09-07,2808806,GGUSD,GARDEN GROVE UNIFIED SCHOOL DISTRICT,Y,C,Intrastate Non-Hazmat,C,CARRIER,1,N,N,,10331 STANFORD,GARDEN GROVE,CA,92841,US,,,A,120,131
2024-09-07,2808919,,,N,,,,,,,,,,,,,,,,,,
2024-09-07,2808973,ORANGE UNIFIED SCHOOL DISTRICT TRANSPORTATION DEPARTMENT,ORANGE UNIFIED SCHOOL DISTRICT,Y,C,Intrastate Non-Hazmat,C,CARRIER,1,N,N,,726 W COLLINS AVE,ORANGE,CA,92867-5514,US,,,A,99,122
2024-09-07,2809032,,,N,,,,,,,,,,,,,,,,,,
2024-09-07,2809062,MUNICIPAL SERVICES,CITY OF RIVERSIDE,Y,C,Intrastate Non-Hazmat,C,CARRIER,1,N,N,,8095 LINCOLN AVE,RIVERSIDE,CA,92504,US,,,A,300,211
2024-09-07,2809587,,,N,,,,,,,,,,,,,,,,,,
2024-09-07,2810279,MONTEBELLO MUNICIPAL BUS LINES,CITY OF MONTEBELLO,Y,C,Intrastate Non-Hazmat,C,CARRIER,1,N,N,,400 S TAYLOR AVE,MONTEBELLO,CA,90640,US,,,A,112,66
2024-09-07,2810482,,,N,,,,,,,,,,,,,,,,,,
2024-09-07,2810562,,,N,,,,,,,,,,,,,,,,,,
2024-09-07,2810670,,,N,,,,,,,,,,,,,,,,,,
2024-09-07,2810803,NORTHGATE MARKETS,NORTHGATE GONZALEZ LLC,Y,C,Intrastate Non-Hazmat,C,CARRIER,1,N,N,,1201 N MAGNOLIA AVE,ANAHEIM,CA,92801,US,,,A,48,27
2024-09-07,2811041,FGS,FRUIT GROWERS SUPPLY COMPANY,Y,B,Intrastate Hazmat,C,CARRIER,1,N,N,,27770 ENTERTAINMENT DRIVE,VALENCIA,CA,91355,US,2023-12-07,N,A,26,26
2024-09-07,2811063,,,N,,,,,,,,,,,,,,,,,,
2024-09-07,2811184,,,N,,,,,,,,,,,,,,,,,,
2024-09-07,2811346,,,N,,,,,,,,,,,,,,,,,,
2024-09-07,2814167,,,N,,,,,,,,,,,,,,,,,,
2024-09-07,2815181,SERVICE MASTER RESTORATION BY EMT,NEXTGEN ASSOCIATES INC,Y,A,Interstate,C,CARRIER,1,N,N,,500 SEQUOIA AVE,ONTARIO,CA,91761,US,,,A,32,32
2024-09-07,2819819,UNIVERSAL CONTAINER CONNECTION,DECO LOGISTICS INC,Y,A,Interstate,C,CARRIER,1,N,N,,14575 INNOVATION DRIVE,RIVERSIDE,CA,92518,US,2016-07-28,N,A,99,101
2024-09-07,2825313,,,N,,,,,,,,,,,,,,,,,,
2024-09-07,2829688,,,N,,,,,,,,,,,,,,,,,,
2024-09-07,2831542,WM,WASTE MANAGEMENT OF CALIFORNIA INC,Y,C,Intrastate Non-Hazmat,C,CARRIER,1,N,N,,2141 OCEANSIDE BLVD,OCEANSIDE,CA,92054,US,,,A,232,196
2024-09-07,2832071,,,N,,,,,,,,,,,,,,,,,,
2024-09-07,2849108,,,N,,,,,,,,,,,,,,,,,,
2024-09-07,2849636,,,N,,,,,,,,,,,,,,,,,,
2024-09-07,2850315,,,N,,,,,,,,,,,,,,,,,,
2024-09-07,2850560,,,N,,,,,,,,,,,,,,,,,,
2024-09-07,2851398,,,N,,,,,,,,,,,,,,,,,,
2024-09-07,2852340,,,N,,,,,,,,,,,,,,,,,,
2024-09-07,2857893,,,N,,,,,,,,,,,,,,,,,,
2024-09-07,2862178,,,N,,,,,,,,,,,,,,,,,,
2024-09-07,2863720,,,N,,,,,,,,,,,,,,,,,,
2024-09-07,2866311,PLUMBING MASTER,LOZANO PLUMBING SERVICES INCORPORATED,Y,C,Intrastate Non-Hazmat,C,CARRIER,1,N,N,,3615 PRESLEY AVE,RIVERSIDE,CA,92507,US,,,A,69,76
2024-09-07,2868468,,,N,,,,,,,,,,,,,,,,,,
2024-09-07,2871178,,,N,,,,,,,,,,,,,,,,,,
2024-09-07,2874887,,,N,,,,,,,,,,,,,,,,,,
2024-09-07,2876722,CENTURION TRANSPORT,CENTURION CONSULTING SERVICES LLC,Y,A,Interstate,C,CARRIER,1,N,N,,9724 E AVE,HESPERIA,CA,92345,US,2023-06-06,N,A,95,95
2024-09-07,2881315,BC TRAFFIC SPECIALIST,BC RENTAL LLC,Y,A,Interstate,C,CARRIER,1,N,N,,13261 GARDEN GROVE BLVD,GARDEN GROVE,CA,92843,US,,,A,74,70
2024-09-07,2881470,,,N,,,,,,,,,,,,,,,,,,
2024-09-07,2886208,,,N,,,,,,,,,,,,,,,,,,
2024-09-07,2887215,,,N,,,,,,,,,,,,,,,,,,
2024-09-07,2887483,,,N,,,,,,,,,,,,,,,,,,
2024-09-07,2894636,,,N,,,,,,,,,,,,,,,,,,
2024-09-07,2904925,,,N,,,,,,,,,,,,,,,,,,
2024-09-07,2908677,"PACIFIC LINEHAUL, INC.","PACIFIC FREIGHT, INC.",Y,C,Intrastate Non-Hazmat,C,CARRIER,1,N,N,,4500 VIA MARINA PH-421  ,MARINA DEL REY,CA,90292,US,,,A,25,32
2024-09-07,2914596,,,N,,,,,,,,,,,,,,,,,,
2024-09-07,291700,ABILITY TRI-MODAL TRANSPORTATION SERVICES,TRI-MODAL DISTRIBUTION SERVICES INC,Y,A,Interstate,C,CARRIER,1,N,N,,2011 E CARSON STREET,CARSON,CA,90810,US,1988-10-11,S,A,21,29
2024-09-07,291818,,,N,,,,,,,,,,,,,,,,,,
2024-09-07,2918976,,,N,,,,,,,,,,,,,,,,,,
2024-09-07,2922663,,,N,,,,,,,,,,,,,,,,,,
2024-09-07,2925320,,,N,,,,,,,,,,,,,,,,,,
2024-09-07,2931180,,,N,,,,,,,,,,,,,,,,,,
2024-09-07,2931383,,,N,,,,,,,,,,,,,,,,,,
2024-09-07,2931552,,,N,,,,,,,,,,,,,,,,,,
2024-09-07,29329,,,N,,,,,,,,,,,,,,,,,,
2024-09-07,2941250,,,N,,,,,,,,,,,,,,,,,,
2024-09-07,2942999,,,N,,,,,,,,,,,,,,,,,,
2024-09-07,2943643,,,N,,,,,,,,,,,,,,,,,,
2024-09-07,2948212,,,N,,,,,,,,,,,,,,,,,,
2024-09-07,2951533,,,N,,,,,,,,,,,,,,,,,,
2024-09-07,2952636,,,N,,,,,,,,,,,,,,,,,,
2024-09-07,2958752,,,N,,,,,,,,,,,,,,,,,,
2024-09-07,2958835,,,N,,,,,,,,,,,,,,,,,,
2024-09-07,2959270,RESIDENTIAL WALL SYSTEMS,BULWARK CONSTRUCTION INC,Y,C,Intrastate Non-Hazmat,C,CARRIER,1,N,N,,22431 ANTONIO PKWY STE B160,RCHO STA MARG,CA,92688-3932,US,,,A,70,31
2024-09-07,2966013,,,N,,,,,,,,,,,,,,,,,,
2024-09-07,2969956,,,N,,,,,,,,,,,,,,,,,,
2024-09-07,2971317,,,N,,,,,,,,,,,,,,,,,,
2024-09-07,2974303,JENSEN LANDSCAPE SERVICES LLC,MONARCH LANDSCAPE HOLDINGS LLC,Y,C,Intrastate Non-Hazmat,C,CARRIER,1,N,N,,550 S HOPE STREET SUITE 1675,LOS ANGELES,CA,90071,US,,,A,66,213
2024-09-07,2975714,,,N,,,,,,,,,,,,,,,,,,
2024-09-07,2979175,,,N,,,,,,,,,,,,,,,,,,
2024-09-07,2979593,,,N,,,,,,,,,,,,,,,,,,
2024-09-07,2981198,,,N,,,,,,,,,,,,,,,,,,
2024-09-07,2984008,MOBILE MONEY,MOBILE FINANCIAL SERVICES INC,Y,C,Intrastate Non-Hazmat,C,CARRIER,1,N,N,,7633 INDUSTRY AVE  ,PICO RIVERA,CA,90660-4301,US,,,A,68,68
2024-09-07,2984784,,,N,,,,,,,,,,,,,,,,,,
2024-09-07,2994381,,,N,,,,,,,,,,,,,,,,,,
2024-09-07,3004472,WALKON TILE,BELLA TILE INC,Y,C,Intrastate Non-Hazmat,C,CARRIER,1,N,N,,12353 WILSHIRE BLVD  ,LOS ANGELES,CA,90025-1003,US,,,A,1,61
2024-09-07,3007021,,,N,,,,,,,,,,,,,,,,,,
2024-09-07,3008396,,,N,,,,,,,,,,,,,,,,,,
2024-09-07,3010671,,,N,,,,,,,,,,,,,,,,,,
2024-09-07,3017666,,,N,,,,,,,,,,,,,,,,,,
2024-09-07,3023091,,,N,,,,,,,,,,,,,,,,,,
2024-09-07,3023773,ATHENS ENVIRONMENTAL SERVICES,ARACO ENTERPRISES LLC,Y,C,Intrastate Non-Hazmat,C,CARRIER,1,N,N,,9189 DE GARMO AVE,SUN VALLEY,CA,91352-2609,US,,,A,61,64
2024-09-07,3032692,MTC,MANERI TRAFFIC CONTROL INC,Y,C,Intrastate Non-Hazmat,C,CARRIER,1,N,N,,47423 RAINBOW CANYON RD,TEMECULA,CA,92592-5952,US,,,A,55,55
2024-09-07,303275,,,N,,,,,,,,,,,,,,,,,,
2024-09-07,3033486,RELIABLE CRANE SERVICE,RELIABLE CONSTRUCTION SERVICES LLC,Y,A,Interstate,C,CARRIER,1,N,N,,260 N SMITH AVE,CORONA,CA,92878,US,2020-05-04,N,A,80,30
2024-09-07,3035524,,,N,,,,,,,,,,,,,,,,,,
2024-09-07,3036390,CASTRO LIMOUSINE TRANSPORTATION SERVICES,SELENE LULE,Y,C,Intrastate Non-Hazmat,C,CARRIER,1,Y,N,,8475 ARTESIA BLVD STE L  ,BUENA PARK,CA,90621-8424,US,,,A,0,43
2024-09-07,3038921,SCOC INC,SCOC SERVICES INC,Y,A,Interstate,C,CARRIER,1,N,N,,21821 ETHANAC ROAD,PERRIS,CA,92570,US,2023-08-29,N,A,20,36
2024-09-07,3041556,,,N,,,,,,,,,,,,,,,,,,
2024-09-07,3042022,,,N,,,,,,,,,,,,,,,,,,
2024-09-07,3046341,,,N,,,,,,,,,,,,,,,,,,
2024-09-07,3047229,,,N,,,,,,,,,,,,,,,,,,
2024-09-07,3048692,TV LOGISTICS,VILLAGRANA LOGISTICS INC,Y,A,Interstate,C,CARRIER,1,N,N,,135 S STATE COLLEGE BLVD STE 200,BREA,CA,92821,US,,,A,100,53
2024-09-07,3054150,PREFERRED CARRIER OF CALIFORNIA,ADVANCED MULTIMODAL DISTRIBUTION INC,Y,A,Interstate,C,CARRIER,1,N,N,,14822 CENTRAL AVE,CHINO,CA,91710,US,2023-09-07,N,A,35,58
2024-09-07,3060793,,,N,,,,,,,,,,,,,,,,,,
2024-09-07,3062272,,,N,,,,,,,,,,,,,,,,,,
2024-09-07,3062570,,,N,,,,,,,,,,,,,,,,,,
2024-09-07,3064799,MWC,MAYOR WEST COAST LLC,Y,A,Interstate,C,CARRIER,1,N,N,,14800 S SPRING ST,GARDENA,CA,90248,US,2018-11-13,N,A,30,50
2024-09-07,306891,GOLDEN STATE FOODS -OR- QUALITY CUSTOM DISTRIBUTION SERVICES,GOLDEN STATE FOODS CORP,Y,A,Interstate,C,CARRIER,1,N,N,,18301 VON KARMAN AVENUE STE 1100,IRVINE,CA,92612,US,2018-09-21,N,A,41,31
2024-09-07,3068978,,,N,,,,,,,,,,,,,,,,,,
2024-09-07,307391,,,N,,,,,,,,,,,,,,,,,,
2024-09-07,3075715,,,N,,,,,,,,,,,,,,,,,,
2024-09-07,3084438,,,N,,,,,,,,,,,,,,,,,,
2024-09-07,3087181,,,N,,,,,,,,,,,,,,,,,,
2024-09-07,3087415,,,N,,,,,,,,,,,,,,,,,,
2024-09-07,3088224,,,N,,,,,,,,,,,,,,,,,,
2024-09-07,3097909,,,N,,,,,,,,,,,,,,,,,,
2024-09-07,3100489,,,N,,,,,,,,,,,,,,,,,,
2024-09-07,3102678,,,N,,,,,,,,,,,,,,,,,,
2024-09-07,3105120,,,N,,,,,,,,,,,,,,,,,,
2024-09-07,3112390,,,N,,,,,,,,,,,,,,,,,,
2024-09-07,3119104,,,N,,,,,,,,,,,,,,,,,,
2024-09-07,3128978,PACIFIC AUTO COMPANY,PACIFIC BEST INC,Y,C,Intrastate Non-Hazmat,C,CARRIER,1,N,N,,289 AEROJET AVE,AZUSA,CA,91702,US,,,A,55,7
2024-09-07,3133710,,,N,,,,,,,,,,,,,,,,,,
2024-09-07,3136064,MOVE HAPPY,CITY MOVING INC,Y,A,Interstate,C,CARRIER,1,N,N,,2507 MEDFORD ST,LOS ANGELES,CA,90033,US,2022-05-24,N,A,38,31
2024-09-07,3137901,,,N,,,,,,,,,,,,,,,,,,
2024-09-07,3142150,SO CAL CARRIERS TRANSPORTATION,PHOENIX INTERMODAL INC,Y,A,Interstate,C,CARRIER,1,N,N,,15810 GALE AVE UNIT 249,HACIENDA HEIGHTS,CA,91745,US,,,A,41,41
2024-09-07,3142588,,,N,,,,,,,,,,,,,,,,,,
2024-09-07,3145303,,,N,,,,,,,,,,,,,,,,,,
2024-09-07,3147430,,,N,,,,,,,,,,,,,,,,,,
2024-09-07,3152123,,,N,,,,,,,,,,,,,,,,,,
2024-09-07,3160286,,,N,,,,,,,,,,,,,,,,,,
2024-09-07,3161077,,,N,,,,,,,,,,,,,,,,,,
2024-09-07,3164134,,,N,,,,,,,,,,,,,,,,,,
2024-09-07,3166168,,,N,,,,,,,,,,,,,,,,,,
2024-09-07,3168539,,,N,,,,,,,,,,,,,,,,,,
2024-09-07,3173922,,,N,,,,,,,,,,,,,,,,,,
2024-09-07,3175633,SANTA MONICA BIG BLUE BUS,CITY OF SANTA MONICA,Y,C,Intrastate Non-Hazmat,C,CARRIER,1,Y,N,,1660 7TH ST,SANTA MONICA,CA,90401-3324,US,,,A,380,195
2024-09-07,3181177,,,N,,,,,,,,,,,,,,,,,,
2024-09-07,3181800,,,N,,,,,,,,,,,,,,,,,,
2024-09-07,3182236,,,N,,,,,,,,,,,,,,,,,,
2024-09-07,3184820,,,N,,,,,,,,,,,,,,,,,,
2024-09-07,3185547,,,N,,,,,,,,,,,,,,,,,,
2024-09-07,3187286,SC FUELS,SC COMMERCIAL LLC,Y,A,Interstate,C,CARRIER,1,N,N,,1800 W KATELLA AVE,ORANGE,CA,92867,US,2022-06-08,N,A,250,262
2024-09-07,3188610,THE LOS ANGELES LEADERSHIP ACADEMY,LOS ANGELES LEADERSHIP ACADEMY,Y,C,Intrastate Non-Hazmat,C,CARRIER,1,Y,N,,2670 GRIFFIN AVE,LOS ANGELES,CA,90031-2311,US,,,A,1,55
2024-09-07,3190819,SMK LOGISTICS,SMK LOGISTICS LLC,Y,A,Interstate,C,CARRIER,1,N,N,,26632 TOWNE CENTRE DRIVE SUITE 300 PMB #562,FOOTHILL RANCH,CA,92610,US,,,A,70,35
2024-09-07,3192027,,,N,,,,,,,,,,,,,,,,,,
2024-09-07,3196683,,,N,,,,,,,,,,,,,,,,,,
2024-09-07,3199163,,,N,,,,,,,,,,,,,,,,,,
2024-09-07,3201346,,,N,,,,,,,,,,,,,,,,,,
2024-09-07,3208846,,,N,,,,,,,,,,,,,,,,,,
2024-09-07,3212423,,,N,,,,,,,,,,,,,,,,,,
2024-09-07,3212484,,,N,,,,,,,,,,,,,,,,,,
2024-09-07,3213716,,,N,,,,,,,,,,,,,,,,,,
2024-09-07,3221354,,,N,,,,,,,,,,,,,,,,,,
2024-09-07,3224351,WALLYPARK JOES AIRPORT PARKING AIRPORT CENTER EXPRESS WALLYPARK EXPRESS,LR TRANSPORTATION SERVICES LLC,Y,C,Intrastate Non-Hazmat,C,CARRIER,1,Y,N,,707 WILSHIRE BLVD STE 4700,LOS ANGELES,CA,90017-3601,US,,,A,87,59
2024-09-07,3225533,,,N,,,,,,,,,,,,,,,,,,
2024-09-07,3229836,,,N,,,,,,,,,,,,,,,,,,
2024-09-07,3232847,,,N,,,,,,,,,,,,,,,,,,
2024-09-07,3233264,,,N,,,,,,,,,,,,,,,,,,
2024-09-07,3235912,,,N,,,,,,,,,,,,,,,,,,
2024-09-07,3236520,,,N,,,,,,,,,,,,,,,,,,
2024-09-07,3236647,NAVAJO WATER PROJECT,THE DIGDEEP RIGHT TO WATER PROJECT,Y,A,Interstate,C,CARRIER,1,N,N,,932 WILSON ST SUITE 2D,LOS ANGELES,CA,90021,US,,,A,29,29
2024-09-07,3240036,,,N,,,,,,,,,,,,,,,,,,
2024-09-07,3241167,,,N,,,,,,,,,,,,,,,,,,
2024-09-07,3242551,,,N,,,,,,,,,,,,,,,,,,
2024-09-07,3246447,NETFLIX,NETFLIX PRODUCTIONS LLC,Y,A,Interstate,C,CARRIER,1,N,N,,5808 W SUNSET BLVD,LOS ANGELES,CA,90028-6607,US,2019-11-19,N,A,145,115
2024-09-07,3250583,,,N,,,,,,,,,,,,,,,,,,
2024-09-07,3250872,,,N,,,,,,,,,,,,,,,,,,
2024-09-07,3254723,,,N,,,,,,,,,,,,,,,,,,
2024-09-07,3260003,,,N,,,,,,,,,,,,,,,,,,
2024-09-07,3260242,,,N,,,,,,,,,,,,,,,,,,
2024-09-07,3264181,ALOFT JACKSONVILLE AIRPORT,JACKSONVILLE HOSPITALITY LLC,Y,C,Intrastate Non-Hazmat,C,CARRIER,1,N,N,,7400 E SLAUSON AVE,COMMERCE,CA,90040-3308,US,,,A,8,32
2024-09-07,3270582,,,N,,,,,,,,,,,,,,,,,,
2024-09-07,3279824,,,N,,,,,,,,,,,,,,,,,,
2024-09-07,327983,,,N,,,,,,,,,,,,,,,,,,
2024-09-07,3282823,,,N,,,,,,,,,,,,,,,,,,
2024-09-07,3288516,,,N,,,,,,,,,,,,,,,,,,
2024-09-07,3293353,,,N,,,,,,,,,,,,,,,,,,
2024-09-07,3293628,,,N,,,,,,,,,,,,,,,,,,
2024-09-07,3294787,,,N,,,,,,,,,,,,,,,,,,
2024-09-07,3295344,,,N,,,,,,,,,,,,,,,,,,
2024-09-07,3296394,,,N,,,,,,,,,,,,,,,,,,
2024-09-07,3298326,,,N,,,,,,,,,,,,,,,,,,
2024-09-07,3300300,REDS CATERING II,AC CUSTOM CATERING INC,Y,C,Intrastate Non-Hazmat,C,CARRIER,1,N,N,,7437 SCOUT AVE  ,BELL GARDENS,CA,90201-4931,US,,,A,42,53
2024-09-07,3301116,NOH FOODS OF HAWAII,E & M CORPORATION,Y,C,Intrastate Non-Hazmat,C,CARRIER,1,N,N,,1402 W 178TH ST  ,GARDENA,CA,90248-3202,US,,,A,2,64
2024-09-07,3302922,TWENTIES PRODUCTIONS LLC,DAE LIGHT MEDIA LLC,Y,C,Intrastate Non-Hazmat,C,CARRIER,1,N,N,,3924 ROXTON AVE,LOS ANGELES,CA,90008-2718,US,,,A,32,28
2024-09-07,3305894,,,N,,,,,,,,,,,,,,,,,,
2024-09-07,3306863,,,N,,,,,,,,,,,,,,,,,,
2024-09-07,3309824,,,N,,,,,,,,,,,,,,,,,,
2024-09-07,3309972,,,N,,,,,,,,,,,,,,,,,,
2024-09-07,3312468,,,N,,,,,,,,,,,,,,,,,,
2024-09-07,3312765,,,N,,,,,,,,,,,,,,,,,,
2024-09-07,3312779,,,N,,,,,,,,,,,,,,,,,,
2024-09-07,3313139,,,N,,,,,,,,,,,,,,,,,,
2024-09-07,3314070,,,N,,,,,,,,,,,,,,,,,,
2024-09-07,3315330,ACE TOWING,BAHMAN INC DBA ACE TOWING,Y,C,Intrastate Non-Hazmat,C,CARRIER,1,N,N,,2118 WILSHIRE BLVD # 881  ,SANTA MONICA,CA,90403-5704,US,,,A,2,61
2024-09-07,3316231,,,N,,,,,,,,,,,,,,,,,,
2024-09-07,3319378,,,N,,,,,,,,,,,,,,,,,,
2024-09-07,3320300,,,N,,,,,,,,,,,,,,,,,,
2024-09-07,3322186,,,N,,,,,,,,,,,,,,,,,,
2024-09-07,3322439,DE NHAT COMPANY,NEW BEST PACKAGING,Y,C,Intrastate Non-Hazmat,C,CARRIER,1,N,N,,9546 RUSH ST  ,S EL MONTE,CA,91733-1537,US,,,A,2,26000
2024-09-07,3323445,RED'S CATERING II,AC CUSTOM CATERING INC,Y,C,Intrastate Non-Hazmat,C,CARRIER,1,N,N,,7437 SCOUT AVE  ,BELL GARDENS,CA,90201-4931,US,,,A,49,51
2024-09-07,3323757,DESTINATION SHUTTLE SERVICES|NTI-CA,NATIONAL TRANSPORTATION INCORPORATED,Y,C,Intrastate Non-Hazmat,C,CARRIER,1,Y,N,,333 HINDRY AVE  ,INGLEWOOD,CA,90301-2013,US,,,A,100,43
2024-09-07,3325920,,,N,,,,,,,,,,,,,,,,,,
2024-09-07,3328020,,,N,,,,,,,,,,,,,,,,,,
2024-09-07,3328113,,,N,,,,,,,,,,,,,,,,,,
2024-09-07,3332507,,,N,,,,,,,,,,,,,,,,,,
2024-09-07,3335825,,,N,,,,,,,,,,,,,,,,,,
2024-09-07,3336293,,,N,,,,,,,,,,,,,,,,,,
2024-09-07,3337261,,,N,,,,,,,,,,,,,,,,,,
2024-09-07,3338412,,,N,,,,,,,,,,,,,,,,,,
2024-09-07,3341251,,,N,,,,,,,,,,,,,,,,,,
2024-09-07,3344060,,,N,,,,,,,,,,,,,,,,,,
2024-09-07,3344939,,,N,,,,,,,,,,,,,,,,,,
2024-09-07,3348963,,,N,,,,,,,,,,,,,,,,,,
2024-09-07,3355645,,,N,,,,,,,,,,,,,,,,,,
2024-09-07,3356521,,,N,,,,,,,,,,,,,,,,,,
2024-09-07,3356864,,,N,,,,,,,,,,,,,,,,,,
2024-09-07,3358861,,,N,,,,,,,,,,,,,,,,,,
2024-09-07,3360224,,,N,,,,,,,,,,,,,,,,,,
2024-09-07,3370496,COMMAND DELIVERY SYSTEMS,TCI ENVIRONMENTAL SERVICES INC,Y,A,Interstate,C,CARRIER,1,N,N,,4950 TRIGGS ST,COMMERCE,CA,90022,US,,,A,81,100
2024-09-07,3372367,PLATFORM ONE MEDIA,ILLUMINARE PRODUCTIONS LLC,Y,C,Intrastate Non-Hazmat,C,CARRIER,1,N,N,,6350 SANTA MONICA BLVD  ,LOS ANGELES,CA,90038-1620,US,,,A,50,35
2024-09-07,3377549,,,N,,,,,,,,,,,,,,,,,,
2024-09-07,337971,CAL STATE XPRESS,L A XPRESS ASSEMBLY & DISTRIBUTION INC,Y,C,Intrastate Non-Hazmat,C,CARRIER,1,N,N,,9850 E FRONTAGE RD,SOUTHGATE,CA,90280,US,,,A,27,27
2024-09-07,338004,,,N,,,,,,,,,,,,,,,,,,
2024-09-07,338035,,,N,,,,,,,,,,,,,,,,,,
2024-09-07,3385874,,,N,,,,,,,,,,,,,,,,,,
2024-09-07,3388161,PACIFIC WEST COMMUNICATIONS PWC,PACIFIC WEST SPACE COMMUNICATIONS,Y,A,Interstate,C,CARRIER,1,N,N,,900 W GLADSTONE ST,SAN DIMAS,CA,91773-1734,US,,,A,15,59
2024-09-07,340100,BP TRANSPORTATION,ATLAS MARINE LLC,Y,A,Interstate,C,CARRIER,1,N,N,,1570 COTA AVE,LONG BEACH,CA,90813,US,2019-09-04,N,A,36,36
2024-09-07,3401740,,,N,,,,,,,,,,,,,,,,,,
2024-09-07,3401792,,,N,,,,,,,,,,,,,,,,,,
2024-09-07,3405755,MAEFLOWER LOGISTICS,MAEFLOWER LOGISTICS LLC,Y,A,Interstate,C,CARRIER,1,N,N,,23881 VIA FABRICANTE STE 504,MISSION VIEJO,CA,92691,US,,,A,35,37
2024-09-07,3405759,,,N,,,,,,,,,,,,,,,,,,
2024-09-07,3406612,HOTFOOT LOGISTICS,THE KMBABIAK GROUP,Y,A,Interstate,C,CARRIER,1,N,N,,1256 NORTH MAGNOLIA AVENUE,ANAHEIM,CA,92801,US,,,A,43,43
2024-09-07,3410655,AMERICAN HANDFORGE,ALU-FORGE INC,Y,C,Intrastate Non-Hazmat,C,CARRIER,1,N,N,,165 S SPRUCE AVE  ,RIALTO,CA,92376-9006,US,,,A,4,25085
2024-09-07,3410979,,,N,,,,,,,,,,,,,,,,,,
2024-09-07,3411741,UNITED AG & TURF,UNITED AG & TURF NE LLC,Y,A,Interstate,C,CARRIER,1,N,N,,1029 N SWATHMORE AVE,PACIFIC PALISADES,CA,90272,US,,,A,175,190
2024-09-07,3413796,,,N,,,,,,,,,,,,,,,,,,
2024-09-07,3416438,,,N,,,,,,,,,,,,,,,,,,
2024-09-07,3426103,,,N,,,,,,,,,,,,,,,,,,
2024-09-07,3427792,BTET,LIVING SPACES FURNITURE LLC,Y,A,Interstate,C,CARRIER,1,N,N,,14501 ARTESIA BLVD,LA MIRADA,CA,90638,US,2022-06-16,N,A,85,49
2024-09-07,3428667,,,N,,,,,,,,,,,,,,,,,,
2024-09-07,3429517,,,N,,,,,,,,,,,,,,,,,,
2024-09-07,3430113,,,N,,,,,,,,,,,,,,,,,,
2024-09-07,3432944,,,N,,,,,,,,,,,,,,,,,,
2024-09-07,3432956,DUTTON PLUMBING,DUTTON HOME SERVICES LLC,Y,C,Intrastate Non-Hazmat,C,CARRIER,1,N,N,,997 FLOWER GLEN ST  ,SIMI VALLEY,CA,93065-1926,US,,,A,46,46
2024-09-07,3436633,,,N,,,,,,,,,,,,,,,,,,
2024-09-07,3438121,,,N,,,,,,,,,,,,,,,,,,
2024-09-07,3438185,,,N,,,,,,,,,,,,,,,,,,
2024-09-07,3443868,,,N,,,,,,,,,,,,,,,,,,
2024-09-07,345082,TOYOTA TRANSPORT,TOYOTA LOGISTICS SERVICES INC,Y,A,Interstate,C,CARRIER,1,N,N,,2140 PIER B STREET,LONG BEACH,CA,90813,US,2020-02-03,N,A,110,85
2024-09-07,3451157,,,N,,,,,,,,,,,,,,,,,,
2024-09-07,3461183,,,N,,,,,,,,,,,,,,,,,,
2024-09-07,3461409,TREND TRANS,TREND TRANSPORT CORP,Y,A,Interstate,C,CARRIER,1,N,N,,255 AIRPORT CIR,CORONA ,CA,92878,US,2022-05-06,N,A,25,30
2024-09-07,3461852,,,N,,,,,,,,,,,,,,,,,,
2024-09-07,3463360,,,N,,,,,,,,,,,,,,,,,,
2024-09-07,3465358,,,N,,,,,,,,,,,,,,,,,,
2024-09-07,3466505,,,N,,,,,,,,,,,,,,,,,,
2024-09-07,3466725,,,N,,,,,,,,,,,,,,,,,,
2024-09-07,3468074,MARTEC INTERNATIONAL,IAPS QSUB INC,Y,C,Intrastate Non-Hazmat,C,CARRIER,1,N,N,,9080 ROSECRANS AVE,BELLFLOWER,CA,90706-2038,US,,,A,2,74
2024-09-07,3473951,,,N,,,,,,,,,,,,,,,,,,
2024-09-07,3476079,,,N,,,,,,,,,,,,,,,,,,
2024-09-07,3478805,,,N,,,,,,,,,,,,,,,,,,
2024-09-07,3482476,,,N,,,,,,,,,,,,,,,,,,
2024-09-07,3486210,,,N,,,,,,,,,,,,,,,,,,
2024-09-07,3488470,,,N,,,,,,,,,,,,,,,,,,
2024-09-07,34909,,,N,,,,,,,,,,,,,,,,,,
2024-09-07,349324,,,N,,,,,,,,,,,,,,,,,,
2024-09-07,3502378,,,N,,,,,,,,,,,,,,,,,,
2024-09-07,3505166,,,N,,,,,,,,,,,,,,,,,,
2024-09-07,3509280,,,N,,,,,,,,,,,,,,,,,,
2024-09-07,3519326,AWS COMMUNICATIONS & DESERT SOLAR,MOTIVE ENERGY TELECOMMUNICATIONS GROUP INC,Y,C,Intrastate Non-Hazmat,C,CARRIER,1,N,N,,755 TRADEMARK CIRCLE,CORONA,CA,92879,US,,,A,69,69
2024-09-07,353037,ALLIANCE IMAGING,ALLIANCE HEALTHCARE SERVICES INC,Y,A,Interstate,C,CARRIER,1,N,N,,18201 VON KARMAN AVE  SUITE 600,IRVINE,CA,92612,US,2022-10-25,N,A,115,162
2024-09-07,3533082,OREGON BOILER AND HIGH PLAINS BOILER & MECHANICAL,CALIFORNIA BOILER INC,Y,A,Interstate,C,CARRIER,1,N,N,,1800 NEWPORT CIR,SANTA ANA,CA,92705-5114,US,,,A,49,49
2024-09-07,3535132,,,N,,,,,,,,,,,,,,,,,,
2024-09-07,3539242,,,N,,,,,,,,,,,,,,,,,,
2024-09-07,3542369,,,N,,,,,,,,,,,,,,,,,,
2024-09-07,3548174,,,N,,,,,,,,,,,,,,,,,,
2024-09-07,3549511,,,N,,,,,,,,,,,,,,,,,,
2024-09-07,3549831,,,N,,,,,,,,,,,,,,,,,,
2024-09-07,3555289,,,N,,,,,,,,,,,,,,,,,,
2024-09-07,355702,IDEALEASE OF LOS ANGELES,FLEET LEASE INC,Y,A,Interstate,C,CARRIER,1,N,N,,3620 E FLORENCE AVE,HUNTINGTON PARK,CA,90255,US,2022-10-17,N,A,1,115
2024-09-07,3569933,,,N,,,,,,,,,,,,,,,,,,
2024-09-07,3570310,,,N,,,,,,,,,,,,,,,,,,
2024-09-07,3572118,,,N,,,,,,,,,,,,,,,,,,
2024-09-07,3572876,,,N,,,,,,,,,,,,,,,,,,
2024-09-07,3579993,,,N,,,,,,,,,,,,,,,,,,
2024-09-07,3580533,,,N,,,,,,,,,,,,,,,,,,
2024-09-07,3586036,C BELOW INC,SITESCAN SUBSURFACE IMAGING INC,Y,C,Intrastate Non-Hazmat,C,CARRIER,1,N,N,,1385 OLD TEMESCAL RD SUITE 100,CORONA,CA,92881,US,,,A,29,27
2024-09-07,3586142,,,N,,,,,,,,,,,,,,,,,,
2024-09-07,3598691,,,N,,,,,,,,,,,,,,,,,,
2024-09-07,3602060,,,N,,,,,,,,,,,,,,,,,,
2024-09-07,3603221,,,N,,,,,,,,,,,,,,,,,,
2024-09-07,3604455,,,N,,,,,,,,,,,,,,,,,,
2024-09-07,3608335,,,N,,,,,,,,,,,,,,,,,,
2024-09-07,3610642,,,N,,,,,,,,,,,,,,,,,,
2024-09-07,3623155,,,N,,,,,,,,,,,,,,,,,,
2024-09-07,3631843,,,N,,,,,,,,,,,,,,,,,,
2024-09-07,3636063,,,N,,,,,,,,,,,,,,,,,,
2024-09-07,3636456,,,N,,,,,,,,,,,,,,,,,,
2024-09-07,3641481,,,N,,,,,,,,,,,,,,,,,,
2024-09-07,3644453,,,N,,,,,,,,,,,,,,,,,,
2024-09-07,3648623,,,N,,,,,,,,,,,,,,,,,,
2024-09-07,3651765,,,N,,,,,,,,,,,,,,,,,,
2024-09-07,3652413,,,N,,,,,,,,,,,,,,,,,,
2024-09-07,3653589,,,N,,,,,,,,,,,,,,,,,,
2024-09-07,3653657,,,N,,,,,,,,,,,,,,,,,,
2024-09-07,3655675,,,N,,,,,,,,,,,,,,,,,,
2024-09-07,3656765,,,N,,,,,,,,,,,,,,,,,,
2024-09-07,3657787,,,N,,,,,,,,,,,,,,,,,,
2024-09-07,3658027,,,N,,,,,,,,,,,,,,,,,,
2024-09-07,3664528,,,N,,,,,,,,,,,,,,,,,,
2024-09-07,3670001,WESTSIDE BUILDING MATERIAL,PGS-WESTSIDE 1 INC,Y,C,Intrastate Non-Hazmat,C,CARRIER,1,N,N,,1111 E HOWELL AVE,ANAHEIM,CA,92805-6453,US,,,A,37,94
2024-09-07,3674288,GWT COURIER,GREENWAY TRANSPORTATION LLC,Y,C,Intrastate Non-Hazmat,C,CARRIER,1,N,N,,1620 RIVENDEL DR  ,CORONA,CA,92883-0716,US,,,A,2,30000
2024-09-07,3678383,METRO TRANSIT SERVICES,EXPRESS TRANSPORTATION SERVICES LLC,Y,A,Interstate,C,CARRIER,1,N,N,,6900 BISSELL ST,HUNTINGTON PK,CA,90255,US,,,A,65,33
2024-09-07,3685448,,,N,,,,,,,,,,,,,,,,,,
2024-09-07,3687690,,,N,,,,,,,,,,,,,,,,,,
2024-09-07,3690749,,,N,,,,,,,,,,,,,,,,,,
2024-09-07,3692553,,,N,,,,,,,,,,,,,,,,,,
2024-09-07,3693228,,,N,,,,,,,,,,,,,,,,,,
2024-09-07,3693856,,,N,,,,,,,,,,,,,,,,,,
2024-09-07,3695940,,,N,,,,,,,,,,,,,,,,,,
2024-09-07,3698869,,,N,,,,,,,,,,,,,,,,,,
2024-09-07,3703059,,,N,,,,,,,,,,,,,,,,,,
2024-09-07,370617,,,N,,,,,,,,,,,,,,,,,,
2024-09-07,3714153,,,N,,,,,,,,,,,,,,,,,,
2024-09-07,3714363,,,N,,,,,,,,,,,,,,,,,,
2024-09-07,3717517,,,N,,,,,,,,,,,,,,,,,,
2024-09-07,3722588,,,N,,,,,,,,,,,,,,,,,,
2024-09-07,3731511,,,N,,,,,,,,,,,,,,,,,,
2024-09-07,3741326,,,N,,,,,,,,,,,,,,,,,,
2024-09-07,3744697,,,N,,,,,,,,,,,,,,,,,,
2024-09-07,3750996,,,N,,,,,,,,,,,,,,,,,,
2024-09-07,375375,WM,USA WASTE OF CALIFORNIA INC,Y,B,Intrastate Hazmat,C,CARRIER,1,N,N,,9081 TUJUNGA AVE,SUN VALLEY,CA,91352,US,2024-06-20,N,A,1341,1055
2024-09-07,3758115,,,N,,,,,,,,,,,,,,,,,,
2024-09-07,3759261,PRIME DRYWALL,DCES CORP,Y,C,Intrastate Non-Hazmat,C,CARRIER,1,N,N,,1550 S ANAHEIM BLVD STE B  ,ANAHEIM,CA,92805-6218,US,,,A,1,60000
2024-09-07,3763598,,,N,,,,,,,,,,,,,,,,,,
2024-09-07,3766618,,,N,,,,,,,,,,,,,,,,,,
2024-09-07,3766747,,,N,,,,,,,,,,,,,,,,,,
2024-09-07,3771056,,,N,,,,,,,,,,,,,,,,,,
2024-09-07,3772001,,,N,,,,,,,,,,,,,,,,,,
2024-09-07,3772678,,,N,,,,,,,,,,,,,,,,,,
2024-09-07,3774990,,,N,,,,,,,,,,,,,,,,,,
2024-09-07,3778439,,,N,,,,,,,,,,,,,,,,,,
2024-09-07,3783496,SOLV ENERGY,SOLV ENERGY LLC,Y,A,Interstate,C,CARRIER,1,N,N,,16680 W BERNARDO DR,SAN DIEGO,CA,92127,US,,,A,308,147
2024-09-07,3790054,GRAFFITI CONTROL SYSTEMS,WOODS MAINTENANCE SERVICES INC,Y,C,Intrastate Non-Hazmat,C,CARRIER,1,N,N,,7250 COLDWATER CANYON ACENUE,NORTH HOLLYWOOD,CA,91605,US,,,A,80,70
2024-09-07,3792553,,,N,,,,,,,,,,,,,,,,,,
2024-09-07,3794157,,,N,,,,,,,,,,,,,,,,,,
2024-09-07,3795020,,,N,,,,,,,,,,,,,,,,,,
2024-09-07,3809021,,,N,,,,,,,,,,,,,,,,,,
2024-09-07,3815695,,,N,,,,,,,,,,,,,,,,,,
2024-09-07,3817686,LIQUID FLOW TRANSPORTATION,AMINA TRANSITIONAL,N,A,Interstate,C,CARRIER,1,N,Y,,13489 GOLD MEDAL CT   ,RIVERSIDE,CA,92503,US,,,A,3,31
2024-09-07,3834394,CONCRETE CORING COMPANY LA,TED W PAGE ENTERPRISES INC,Y,C,Intrastate Non-Hazmat,C,CARRIER,1,N,N,,14005 ORANGE AVE,PARAMOUNT,CA,90723-2017,US,,,A,29,32
2024-09-07,3841274,,,N,,,,,,,,,,,,,,,,,,
2024-09-07,3843097,BCD INDUSTRIES,BCD INDUSTRIES CORP,Y,C,Intrastate Non-Hazmat,C,CARRIER,1,N,N,,24298 VIA VARGAS DR  ,MORENO VALLEY,CA,92553-6231,US,,,A,6,63
2024-09-07,3843542,,,N,,,,,,,,,,,,,,,,,,
2024-09-07,3847197,,,N,,,,,,,,,,,,,,,,,,
2024-09-07,3850900,NOT APPLICABLE,SOCAL MOVING ENTERPRISES INC,Y,C,Intrastate Non-Hazmat,C,CARRIER,1,N,N,,13624 LANCELOT AVE  ,NORWALK,CA,90650-4441,US,,,A,4,37
2024-09-07,3857150,,,N,,,,,,,,,,,,,,,,,,
2024-09-07,385886,,,N,,,,,,,,,,,,,,,,,,
2024-09-07,3865882,ACTION AIR CONDITIONING HEATING & SOLAR,PGMA LLC,Y,C,Intrastate Non-Hazmat,C,CARRIER,1,N,N,,130 BOSSTICK BLVD,SAN MARCOS,CA,92069-5930,US,,,A,127,89
2024-09-07,3866788,SAFEWAY ELECTRIC,SAFE BUILD PROPERTIES LLC,Y,C,Intrastate Non-Hazmat,C,CARRIER,1,N,N,,891 IOWA AVE,RIVERSIDE,CA,92507-1614,US,,,A,4,35
2024-09-07,3869060,,,N,,,,,,,,,,,,,,,,,,
2024-09-07,3869591,,,N,,,,,,,,,,,,,,,,,,
2024-09-07,3875770,,,N,,,,,,,,,,,,,,,,,,
2024-09-07,3878477,,,N,,,,,,,,,,,,,,,,,,
2024-09-07,3881380,PREMIER VENDGROUP|DOWNEY VENDORS COFFEE SERVICE,DOWNEY VENDORS INC,Y,C,Intrastate Non-Hazmat,C,CARRIER,1,N,N,,6814 SUVA ST  ,BELL GARDENS,CA,90201-1938,US,,,A,0,33
2024-09-07,3884907,,,N,,,,,,,,,,,,,,,,,,
2024-09-07,3887426,,,N,,,,,,,,,,,,,,,,,,
2024-09-07,3888128,,,N,,,,,,,,,,,,,,,,,,
2024-09-07,3892956,,,N,,,,,,,,,,,,,,,,,,
2024-09-07,3896723,,,N,,,,,,,,,,,,,,,,,,
2024-09-07,3900531,,,N,,,,,,,,,,,,,,,,,,
2024-09-07,3909056,CIVIL CONSTRUCTION,JMH ENGINEERING AND CONSTRUCTION,Y,C,Intrastate Non-Hazmat,C,CARRIER,1,N,N,,2825 TEMPLE AVE,SIGNAL HILL,CA,90755-2212,US,,,A,8,38
2024-09-07,3910363,GBTF TRANSPORT,GOD BLESS THE FREAKS LLC,Y,C,Intrastate Non-Hazmat,C,CARRIER,1,N,N,,157 BENNETT AVE,LONG BEACH,CA,90803-2974,US,,,A,8,1
2024-09-07,3912956,,,N,,,,,,,,,,,,,,,,,,
2024-09-07,391314,PIAZZA TRUCKING,SAMUEL J PIAZZA & SON INC,Y,A,Interstate,C,CARRIER,1,N,N,,9001 RAYO AVE,SOUTH GATE,CA,90280,US,2020-07-09,N,A,49,57
2024-09-07,3914740,,,N,,,,,,,,,,,,,,,,,,
2024-09-07,391911,,,N,,,,,,,,,,,,,,,,,,
2024-09-07,3928300,,,N,,,,,,,,,,,,,,,,,,
2024-09-07,3933197,,,N,,,,,,,,,,,,,,,,,,
2024-09-07,3934241,,,N,,,,,,,,,,,,,,,,,,
2024-09-07,3938030,,,N,,,,,,,,,,,,,,,,,,
2024-09-07,3939359,,,N,,,,,,,,,,,,,,,,,,
2024-09-07,3940526,,,N,,,,,,,,,,,,,,,,,,
2024-09-07,3941360,STONE DISTRIBUTING,ST DISTRIBUTING CO LLC,Y,C,Intrastate Non-Hazmat,C,CARRIER,1,N,N,,505 S PACIFIC ST,SAN MARCOS,CA,92078-4049,US,,,A,97,89
2024-09-07,3943636,RIDE AND VIBE PARTY BUS RENTALS,RIDES & VIBES LLC,Y,A,Interstate,C,CARRIER,1,N,N,,1968 S COAST HWY # 5902  ,LAGUNA BEACH,CA,92651,US,,,A,2,169
2024-09-07,3944707,CLASSIC BEVERAGE OF SOUTHERN CALIFORNIA|CLASSIC BEVERAGE OF SAN DIEGO,CLASSIC BEVERAGE OF SOUTHERN CALIFORNIA LLC,Y,C,Intrastate Non-Hazmat,C,CARRIER,1,N,N,,120 PUENTE AVE  ,CITY INDUSTRY,CA,91746-2301,US,,,A,86,88
2024-09-07,3948520,LINCOLN LAWYER 2 PRODUCTIONS LLC,A&E TELEVISION NETWORKS LLC,Y,C,Intrastate Non-Hazmat,C,CARRIER,1,N,N,,9640 OWENSMOUTH AVE  ,CHATSWORTH,CA,91311-4803,US,,,A,45,50
2024-09-07,3948895,,,N,,,,,,,,,,,,,,,,,,
2024-09-07,3953382,CONQUERING CLUTTER CLOSETS AND CABINETRY,CONQUERING CLUTTER INC,Y,C,Intrastate Non-Hazmat,C,CARRIER,1,N,N,,550 3RD ST  ,LAKE ELSINORE,CA,92530-2729,US,,,A,4,5000
2024-09-07,3954910,,,N,,,,,,,,,,,,,,,,,,
2024-09-07,3955891,,,N,,,,,,,,,,,,,,,,,,
2024-09-07,3956903,,,N,,,,,,,,,,,,,,,,,,
2024-09-07,3958043,MAIN STORE DISPLAY & FIXTURES,LH STORE FIXTURES INC,Y,C,Intrastate Non-Hazmat,C,CARRIER,1,N,N,,1810 S MAIN ST  ,LOS ANGELES,CA,90015-3612,US,,,A,2,8900
2024-09-07,3958873,,,N,,,,,,,,,,,,,,,,,,
2024-09-07,3959862,,,N,,,,,,,,,,,,,,,,,,
2024-09-07,3962098,,,N,,,,,,,,,,,,,,,,,,
2024-09-07,3970806,,,N,,,,,,,,,,,,,,,,,,
2024-09-07,3975737,,,N,,,,,,,,,,,,,,,,,,
2024-09-07,3978443,OXYGEN SERVICES FOR VETERANS,MID CITIES HOME MEDICAL,N,A,Interstate,C,CARRIER,1,N,Y,,507 LAWTON ST   ,REDLANDS,CA,92374,US,,,A,2,50
2024-09-07,3978510,FREELANCE FILM PRODUCTION,NICHOLAS WOLTERSDORF SOLE PROPRIETOR,Y,C,Intrastate Non-Hazmat,C,CARRIER,1,Y,N,,3006 S VERMONT AVE # 335  ,LOS ANGELES,CA,90007-3032,US,,,A,0,1095
2024-09-07,3982655,FR BUILDERS,FR GENERAL CONTRACTOR INC,Y,C,Intrastate Non-Hazmat,C,CARRIER,1,N,N,,4617 PILGRIM CT  ,CHINO,CA,91710-2248,US,,,A,8,74
2024-09-07,3987450,,,N,,,,,,,,,,,,,,,,,,
2024-09-07,3988008,,,N,,,,,,,,,,,,,,,,,,
2024-09-07,3989980,,,N,,,,,,,,,,,,,,,,,,
2024-09-07,3992511,,,,,,,,,,,,,,,,,,,,,
2024-09-07,3992640,,,,,,,,,,,,,,,,,,,,,
2024-09-07,3993697,,,,,,,,,,,,,,,,,,,,,
2024-09-07,3996728,,,,,,,,,,,,,,,,,,,,,
2024-09-07,3997395,,,,,,,,,,,,,,,,,,,,,
2024-09-07,4001190,,,,,,,,,,,,,,,,,,,,,
2024-09-07,4001341,,,,,,,,,,,,,,,,,,,,,
2024-09-07,4001894,,,,,,,,,,,,,,,,,,,,,
2024-09-07,4003152,,,,,,,,,,,,,,,,,,,,,
2024-09-07,400360,,,,,,,,,,,,,,,,,,,,,
2024-09-07,4008384,,,,,,,,,,,,,,,,,,,,,
2024-09-07,4008409,,,,,,,,,,,,,,,,,,,,,
2024-09-07,4011504,,,,,,,,,,,,,,,,,,,,,
2024-09-07,4018332,,,,,,,,,,,,,,,,,,,,,
2024-09-07,4020028,,,,,,,,,,,,,,,,,,,,,
2024-09-07,4020234,,,,,,,,,,,,,,,,,,,,,
2024-09-07,4025495,,,,,,,,,,,,,,,,,,,,,
2024-09-07,4026525,,,,,,,,,,,,,,,,,,,,,
2024-09-07,4027989,,,,,,,,,,,,,,,,,,,,,
2024-09-07,4033404,,,,,,,,,,,,,,,,,,,,,
2024-09-07,4034099,,,,,,,,,,,,,,,,,,,,,
2024-09-07,4038920,,,,,,,,,,,,,,,,,,,,,
2024-09-07,4039549,,,,,,,,,,,,,,,,,,,,,
2024-09-07,4045316,,,,,,,,,,,,,,,,,,,,,
2024-09-07,4045560,,,,,,,,,,,,,,,,,,,,,
2024-09-07,404919,,,,,,,,,,,,,,,,,,,,,
2024-09-07,404928,,,,,,,,,,,,,,,,,,,,,
2024-09-07,4055018,,,,,,,,,,,,,,,,,,,,,
2024-09-07,4060954,,,,,,,,,,,,,,,,,,,,,
2024-09-07,406193,,,,,,,,,,,,,,,,,,,,,
2024-09-07,4062808,,,,,,,,,,,,,,,,,,,,,
2024-09-07,406287,,,,,,,,,,,,,,,,,,,,,
2024-09-07,406323,,,,,,,,,,,,,,,,,,,,,
2024-09-07,4066356,,,,,,,,,,,,,,,,,,,,,
2024-09-07,406897,,,,,,,,,,,,,,,,,,,,,
2024-09-07,4071630,,,,,,,,,,,,,,,,,,,,,
2024-09-07,4075088,,,,,,,,,,,,,,,,,,,,,
2024-09-07,4075960,,,,,,,,,,,,,,,,,,,,,
2024-09-07,4081697,,,,,,,,,,,,,,,,,,,,,
2024-09-07,4084699,,,,,,,,,,,,,,,,,,,,,
2024-09-07,408743,,,,,,,,,,,,,,,,,,,,,
2024-09-07,4088618,,,,,,,,,,,,,,,,,,,,,
2024-09-07,4090037,,,,,,,,,,,,,,,,,,,,,
2024-09-07,4093369,,,,,,,,,,,,,,,,,,,,,
2024-09-07,4095594,,,,,,,,,,,,,,,,,,,,,
2024-09-07,4096168,,,,,,,,,,,,,,,,,,,,,
2024-09-07,4096418,,,,,,,,,,,,,,,,,,,,,
2024-09-07,4099596,,,,,,,,,,,,,,,,,,,,,
2024-09-07,4102509,,,,,,,,,,,,,,,,,,,,,
2024-09-07,4113361,,,,,,,,,,,,,,,,,,,,,
2024-09-07,4113627,,,,,,,,,,,,,,,,,,,,,
2024-09-07,4114523,,,,,,,,,,,,,,,,,,,,,
2024-09-07,4117024,,,,,,,,,,,,,,,,,,,,,
2024-09-07,4125703,,,,,,,,,,,,,,,,,,,,,
2024-09-07,4127289,,,,,,,,,,,,,,,,,,,,,
2024-09-07,4129445,,,,,,,,,,,,,,,,,,,,,
2024-09-07,4132102,,,,,,,,,,,,,,,,,,,,,
2024-09-07,4134857,,,,,,,,,,,,,,,,,,,,,
2024-09-07,4138107,,,,,,,,,,,,,,,,,,,,,
2024-09-07,4144825,,,,,,,,,,,,,,,,,,,,,
2024-09-07,414560,,,,,,,,,,,,,,,,,,,,,
2024-09-07,4147943,,,,,,,,,,,,,,,,,,,,,
2024-09-07,4148413,,,,,,,,,,,,,,,,,,,,,
2024-09-07,4152156,,,,,,,,,,,,,,,,,,,,,
2024-09-07,4153424,,,,,,,,,,,,,,,,,,,,,
2024-09-07,4154643,,,,,,,,,,,,,,,,,,,,,
2024-09-07,4155090,,,,,,,,,,,,,,,,,,,,,
2024-09-07,4155381,,,,,,,,,,,,,,,,,,,,,
2024-09-07,4156412,,,,,,,,,,,,,,,,,,,,,
2024-09-07,4158568,,,,,,,,,,,,,,,,,,,,,
2024-09-07,4160946,,,,,,,,,,,,,,,,,,,,,
2024-09-07,4161323,,,,,,,,,,,,,,,,,,,,,
2024-09-07,4162148,,,,,,,,,,,,,,,,,,,,,
2024-09-07,4172194,,,,,,,,,,,,,,,,,,,,,
2024-09-07,4172449,,,,,,,,,,,,,,,,,,,,,
2024-09-07,4175516,,,,,,,,,,,,,,,,,,,,,
2024-09-07,4181320,,,,,,,,,,,,,,,,,,,,,
2024-09-07,4184782,,,,,,,,,,,,,,,,,,,,,
2024-09-07,4187942,,,,,,,,,,,,,,,,,,,,,
2024-09-07,4189650,,,,,,,,,,,,,,,,,,,,,
2024-09-07,4192301,,,,,,,,,,,,,,,,,,,,,
2024-09-07,4193201,,,,,,,,,,,,,,,,,,,,,
2024-09-07,419507,PREMIER TRANSPORTATION,PREMIER TRANSPORTATION & WAREHOUSING INC,Y,A,Interstate,C,CARRIER,1,N,N,,19216 S LAUREL PARK RD,COMPTON,CA,90220,US,1991-09-24,C,A,22,32
2024-09-07,4202800,,,,,,,,,,,,,,,,,,,,,
2024-09-07,420341,,,,,,,,,,,,,,,,,,,,,
2024-09-07,4205013,,,,,,,,,,,,,,,,,,,,,
2024-09-07,4206934,,,,,,,,,,,,,,,,,,,,,
2024-09-07,4209567,,,,,,,,,,,,,,,,,,,,,
2024-09-07,4211319,,,,,,,,,,,,,,,,,,,,,
2024-09-07,4211426,,,,,,,,,,,,,,,,,,,,,
2024-09-07,4211565,,,,,,,,,,,,,,,,,,,,,
2024-09-07,4213171,,,,,,,,,,,,,,,,,,,,,
2024-09-07,4215961,,,,,,,,,,,,,,,,,,,,,
2024-09-07,422227,,,,,,,,,,,,,,,,,,,,,
2024-09-07,4223657,,,,,,,,,,,,,,,,,,,,,
2024-09-07,4225946,,,,,,,,,,,,,,,,,,,,,
2024-09-07,4228811,,,,,,,,,,,,,,,,,,,,,
2024-09-07,4231162,,,,,,,,,,,,,,,,,,,,,
2024-09-07,424572,,,,,,,,,,,,,,,,,,,,,
2024-09-07,4247054,,,,,,,,,,,,,,,,,,,,,
2024-09-07,4252087,,,,,,,,,,,,,,,,,,,,,
2024-09-07,4252654,DANIEL BARAJAS,D BARAJAS ENTERPRISE INC,Y,C,Intrastate Non-Hazmat,C,CARRIER,1,N,N,,9845 TUDOR AVE  ,MONTCLAIR,CA,91763-2739,US,,,A,1,73
2024-09-07,4252808,BP TRANSPORTATION,ATLAS MARINE LLC,Y,A,Interstate,C,CARRIER,1,N,N,,1570 COTA AVE   ,LONG BEACH,CA,90813,US,,,A,204,221
2024-09-07,4252842,,,N,,,,,,,,,,,,,,,,,,
2024-09-07,4253907,,,N,,,,,,,,,,,,,,,,,,
2024-09-07,425520,MUTUAL PROPANE,MUTUAL LIQUID GAS & EQUIPMENT COMPANY INC,Y,B,Intrastate Hazmat,C,CARRIER,1,N,N,,17117 S BROADWAY ST,GARDENA,CA,90248-3191,US,2023-06-06,N,A,24,39
2024-09-07,4270996,,,N,,,,,,,,,,,,,,,,,,
2024-09-07,430314,,,N,,,,,,,,,,,,,,,,,,
2024-09-07,430322,,,N,,,,,,,,,,,,,,,,,,
2024-09-07,430475,,,N,,,,,,,,,,,,,,,,,,
2024-09-07,434988,,,N,,,,,,,,,,,,,,,,,,
2024-09-07,437279,,,N,,,,,,,,,,,,,,,,,,
2024-09-07,438085,,,N,,,,,,,,,,,,,,,,,,
2024-09-07,440672,,,N,,,,,,,,,,,,,,,,,,
2024-09-07,441433,,,N,,,,,,,,,,,,,,,,,,
2024-09-07,447242,,,N,,,,,,,,,,,,,,,,,,
2024-09-07,447251,,,N,,,,,,,,,,,,,,,,,,
2024-09-07,447256,ANCON,ANCON MARINE,Y,A,Interstate,C,CARRIER,1,N,N,,10571 LOS ALAMITOS BLVD,LOS ALAMITOS,CA,90745,US,2023-07-31,N,A,250,169
2024-09-07,447731,JPS & COMPANY TRANSPORTATION,GRANA ENTERPRISES INC,Y,C,Intrastate Non-Hazmat,C,CARRIER,1,N,N,,1159 IRONWOOD AVE,PALMDALE,CA,93551,US,,,A,41,37
2024-09-07,454893,,,N,,,,,,,,,,,,,,,,,,
2024-09-07,459936,EXPEDITORS FIRE SUPPORT,EXPEDITORS BY LINDALE INC,Y,A,Interstate,C,CARRIER,1,Y,N,,638 N ECKHOFF STREET,ORANGE,CA,92868,US,2023-12-19,N,A,30,51
2024-09-07,460914,,,N,,,,,,,,,,,,,,,,,,
2024-09-07,469797,,,N,,,,,,,,,,,,,,,,,,
2024-09-07,478361,,,N,,,,,,,,,,,,,,,,,,
2024-09-07,480301,,,N,,,,,,,,,,,,,,,,,,
2024-09-07,483940,NISHIMOTO TRADING,WISMETTAC ASIAN FOODS INC,Y,A,Interstate,C,CARRIER,1,N,N,,13409 ORDEN DRIVE,SANTA FE SPRINGS,CA,90670-6336,US,2022-07-14,N,A,205,161
2024-09-07,49220,,,N,,,,,,,,,,,,,,,,,,
2024-09-07,493390,FLYING DUTCHMAN RACING,IN-N-OUT BURGER INC,Y,A,Interstate,C,CARRIER,1,N,N,,16000 QUALITY WAY,CHINO,CA,91708,US,2018-03-16,N,A,285,158
2024-09-07,50484,,,N,,,,,,,,,,,,,,,,,,
2024-09-07,50492,HEAVY TRANSPORT BRAGG CRANE SERVICE BRAGG CRANE & RIGGING COASTLINE EQUIPMENT JBA COMPANY,BRAGG INVESTMENT COMPANY INC,Y,A,Interstate,C,CARRIER,1,N,N,,6188 PARAMOUNT BLVD,LONG BEACH,CA,90805,US,2024-06-25,N,A,313,546
2024-09-07,509984,,,N,,,,,,,,,,,,,,,,,,
2024-09-07,515474,,,N,,,,,,,,,,,,,,,,,,
2024-09-07,516243,GALE TRIANGLE,PERFORMANCE TEAM LOGISTICS LLC,Y,A,Interstate,C,CARRIER,1,N,N,,2240 E MAPLE AVE,EL SEGUNDO,CA,90245,US,2021-08-23,N,A,464,385
2024-09-07,517866,JJT,JACK JONES TRUCKING INC,Y,B,Intrastate Hazmat,C,CARRIER,1,N,N,,1090 EAST BELMONT STREET,ONTARIO,CA,91761,US,2009-02-19,C,A,45,45
2024-09-07,523064,,,N,,,,,,,,,,,,,,,,,,
2024-09-07,524307,GT TRANSPORT,LUIS FELIPE GARCIA,Y,A,Interstate,C,CARRIER,1,N,N,,6023 JURUPA AVE,RIVERSIDE,CA,92504,US,2005-11-29,C,A,89,63
2024-09-07,530399,PSC,ARB INC,Y,A,Interstate,C,CARRIER,1,N,N,,26000 COMMERCENTRE DRIVE,LAKE FOREST,CA,92630-8816,US,2017-03-16,N,A,261,498
2024-09-07,531039,DIRECT TRANSPORT,DIRECT HOME DELIVERY SERVICE INC,Y,A,Interstate,C,CARRIER,1,N,N,,9470 MISSION BLVD,RIVERSIDE,CA,92509,US,2011-11-09,C,A,92,82
2024-09-07,531552,,,N,,,,,,,,,,,,,,,,,,
2024-09-07,533673,,,N,,,,,,,,,,,,,,,,,,
2024-09-07,542172,FALKEN TIRE CORPORATION,SUMITOMO RUBBER NORTH AMERICA INC,Y,A,Interstate,C,CARRIER,1,N,N,,8656 HAVEN AVE,RANCHO CUCAMONGA,CA,92335,US,2021-01-25,N,A,33,33
2024-09-07,550967,,,N,,,,,,,,,,,,,,,,,,
2024-09-07,552447,POWER PLUS,S R BRAY LLC,Y,A,Interstate,C,CARRIER,1,N,N,,5500 E LA PALMA AVENUE,ANAHEIM,CA,92807,US,2023-05-25,N,A,204,233
2024-09-07,56427,,,N,,,,,,,,,,,,,,,,,,
2024-09-07,567034,FRONTIER,CITIZENS TELECOMMUNICATIONS COMPANY OF CALIFORNIA INC,Y,A,Interstate,C,CARRIER,1,N,N,,201 FLYNN RD,CAMARILLO,CA,93012,US,2019-06-10,N,A,857,1050
2024-09-07,567262,VESTA FOODSERVICE,L A SPECIALTY PRODUCE CO,Y,A,Interstate,C,CARRIER,1,N,N,,13527 ORDEN DRIVE,SANTA FE SPRINGS,CA,90670,US,2023-10-04,N,A,226,228
2024-09-07,568253,,,N,,,,,,,,,,,,,,,,,,
2024-09-07,568488,UNIVERSAL,SOUTHERN COUNTIES EXPRESS INC,Y,A,Interstate,C,CARRIER,1,N,N,,18020 S SANTA FE AVE,RANCHO DOMINGUEZ,CA,90221,US,2021-08-20,N,A,129,119
2024-09-07,568970,,,N,,,,,,,,,,,,,,,,,,
2024-09-07,570328,,,N,,,,,,,,,,,,,,,,,,
2024-09-07,571496,,,N,,,,,,,,,,,,,,,,,,
2024-09-07,57187,,,N,,,,,,,,,,,,,,,,,,
2024-09-07,57322,BAKEMARK,BAKEMARK USA LLC,Y,A,Interstate,C,CARRIER,1,N,N,,7351 CRIDER AVENUE,PICO RIVERA,CA,90660,US,2022-07-06,N,A,268,239
2024-09-07,57395,TWENTIETH TELEVISION,TWENTIETH CENTURY-FOX-FILM CORP,Y,A,Interstate,C,CARRIER,1,N,N,,2139 WEST EMPIRE AVENUE,BURBANK,CA,91504,US,2024-01-10,N,A,710,710
2024-09-07,57426,,,N,,,,,,,,,,,,,,,,,,
2024-09-07,57438,,,N,,,,,,,,,,,,,,,,,,
2024-09-07,57459,WEBER LOGISTICS,WEBER DISTRIBUTION LLC,Y,A,Interstate,C,CARRIER,1,N,N,,13530 ROSECRANS AVE,SANTA FE SPRINGS,CA,90670,US,2024-04-29,N,A,45,57
2024-09-07,57483,WASH MULTIFAMILY LAUNDRY LLC,WASH MULTIFAMILY LAUNDRY SYSTEMS LLC,Y,A,Interstate,C,CARRIER,1,N,N,,2200 WEST 195TH STREET,TORRANCE,CA,90501,US,1987-11-03,S,A,54,54
2024-09-07,57508,REPUBLIC NATIONAL DISTRIBUTING COMPANY OF CALIFORNIA,YOUNG'S MARKET COMPANY LLC,Y,C,Intrastate Non-Hazmat,C,CARRIER,1,N,N,,14402 FRANKLIN AVENUE,TUSTIN,CA,92780,US,,,A,546,349
2024-09-07,575944,,,N,,,,,,,,,,,,,,,,,,
2024-09-07,576414,,,N,,,,,,,,,,,,,,,,,,
2024-09-07,576644,ORO GRANDE SCHOOL DISTRICT,ORO GRANDE ELEMENTRY SCHOOL DISTRICT,Y,C,Intrastate Non-Hazmat,C,CARRIER,1,Y,N,,19900 NATIONAL TRAILS HWY,ORO GRANDE,CA,92368,US,,,A,10,54
2024-09-07,581930,TOUR COACH,SCREAMLINE INVESTMENT CORPORATION,Y,A,Interstate,C,CARRIER,1,Y,N,,2130 SOUTH TUBEWAY AVENUE,COMMERCE,CA,90040,US,2024-05-03,N,A,62,40
2024-09-07,582596,TCI LEASING AND RENTALS,TRANSPORTATION COMMODITIES INC,Y,A,Interstate,C,CARRIER,1,N,N,,4950 TRIGGS ST,COMMERCE,CA,90022,US,2020-03-26,N,A,19,1261
2024-09-07,58864,SUN EXPRESS,HANK'S INC,Y,A,Interstate,C,CARRIER,1,N,N,,13866 SLOVER AVE,FONTANA,CA,92337,US,2021-11-05,N,A,49,49
2024-09-07,59076,,,N,,,,,,,,,,,,,,,,,,
2024-09-07,592142,NATIONAL RENT A FENCE,NATIONAL CONSTRUCTION RENTALS INC,Y,A,Interstate,C,CARRIER,1,N,N,,15319 CHATSWORTH ST,MISSION HILLS,CA,91345,US,2023-03-14,N,A,544,665
2024-09-07,608120,,,N,,,,,,,,,,,,,,,,,,
2024-09-07,609816,,,N,,,,,,,,,,,,,,,,,,
2024-09-07,610560,,,N,,,,,,,,,,,,,,,,,,
2024-09-07,613228,,,N,,,,,,,,,,,,,,,,,,
2024-09-07,614690,,,N,,,,,,,,,,,,,,,,,,
2024-09-07,617918,,,N,,,,,,,,,,,,,,,,,,
2024-09-07,625861,,,N,,,,,,,,,,,,,,,,,,
2024-09-07,627806,,,N,,,,,,,,,,,,,,,,,,
2024-09-07,628202,CERTIFIED TRANSPORTATION,CERTIFIED TRANSPORTATION SERVICES INC,Y,A,Interstate,C,CARRIER,1,Y,N,,628 E WASHINGTON AVE,SANTA ANA,CA,92701,US,2024-02-14,N,A,38,48
2024-09-07,629864,,,N,,,,,,,,,,,,,,,,,,
2024-09-07,633228,G & M TOWING & RECOVERY,CITORI INC,Y,A,Interstate,C,CARRIER,1,N,N,,15963 MAIN STREET,HESPERIA,CA,92345,US,2023-11-08,N,A,14,31
2024-09-07,636124,,,N,,,,,,,,,,,,,,,,,,
2024-09-07,640367,D J TRUCKING CO,D J GARCIA TRUCKING CO INC,Y,C,Intrastate Non-Hazmat,C,CARRIER,1,N,N,,15426 S FIGUEROA AVE,GARDENA,CA,90248,US,,,A,32,33
2024-09-07,648051,,,N,,,,,,,,,,,,,,,,,,
2024-09-07,651405,,,N,,,,,,,,,,,,,,,,,,
2024-09-07,652367,PROFESSIONAL PIPE SERVICE,PRO PIPE INC,Y,A,Interstate,C,CARRIER,1,N,N,,47 DISCOVERY SUITE 250,IRVINE,CA,92618,US,2022-05-04,N,A,151,78
2024-09-07,653133,,,N,,,,,,,,,,,,,,,,,,
2024-09-07,658075,ROBERTSON'S TRANSPORT,ROBERTSON'S TRANSPORT LTD A CALIFORNIA LP,Y,A,Interstate,C,CARRIER,1,N,N,,200 S MAIN STREET SUITE 200,CORONA,CA,92882,US,2023-10-24,N,A,415,405
2024-09-07,658513,FOOD 4 LESS ALPHA BETA CALA FOODS HUGHES MARKET BELL MARKET,RALPHS GROCERY CO,Y,C,Intrastate Non-Hazmat,C,CARRIER,1,N,N,,1100 W ARTESIA BLVD,COMPTON,CA,90220,US,,,A,589,334
2024-09-07,667197,ISAT SEISMIC BRACING & ISAT TOTAL SUPPORT,TOMARCO CONTRACTOR SPECIALTIES INC,Y,A,Interstate,C,CARRIER,1,N,N,,14848 NORTHAM STREET,LA MIRADA,CA,90638-5447,US,2022-11-01,N,A,37,39
2024-09-07,671078,,,N,,,,,,,,,,,,,,,,,,
2024-09-07,677713,STUDENT TRANSPORTATION OF AMERICA,SANTA BARBARA TRANSPORTATION CORP,Y,C,Intrastate Non-Hazmat,C,CARRIER,1,Y,N,,12560 RAYMER STREET,NORTH HOLLYWOOD,CA,91605,US,,,A,499,625
2024-09-07,691117,,,N,,,,,,,,,,,,,,,,,,
2024-09-07,707347,,,N,,,,,,,,,,,,,,,,,,
2024-09-07,710576,,,N,,,,,,,,,,,,,,,,,,
2024-09-07,713839,,,N,,,,,,,,,,,,,,,,,,
2024-09-07,734285,LETNER ROOFING COMPANY,DANNY LETNER INC,Y,A,Interstate,C,CARRIER,1,N,N,,1490 N GLASSELL ST,ORANGE,CA,92867,US,2018-09-18,N,A,124,42
2024-09-07,736024,,,N,,,,,,,,,,,,,,,,,,
2024-09-07,742797,,,N,,,,,,,,,,,,,,,,,,
2024-09-07,742910,IBT,INTERMODAL BRIDGE TRANSPORT INC,Y,A,Interstate,C,CARRIER,1,N,N,,1919 EAST PACIFIC COAST HIGHWAY,WILMINGTON,CA,90744,US,2024-06-05,N,A,232,222
2024-09-07,754273,,,N,,,,,,,,,,,,,,,,,,
2024-09-07,759281,CORPORATE COACH CHARTER,CORPORATE COACH CHARTER & TOURS INC,Y,A,Interstate,C,CARRIER,1,Y,N,,150 WEST IVY AVENUE,INGLEWOOD,CA,90302-2907,US,2024-02-29,N,A,34,26
2024-09-07,770045,,,N,,,,,,,,,,,,,,,,,,
2024-09-07,776013,ROCKVIEW FARMS INC,ROCKVIEW DAIRIES INC,Y,A,Interstate,C,CARRIER,1,N,N,,7011 STEWART & GRAY RD,DOWNEY,CA,90241,US,2021-05-25,N,A,59,40
2024-09-07,784497,,,N,,,,,,,,,,,,,,,,,,
2024-09-07,792157,,,N,,,,,,,,,,,,,,,,,,
2024-09-07,795797,,,N,,,,,,,,,,,,,,,,,,
2024-09-07,805441,TREPCO WEST,TREPCO IMPORTS & DISTRIBUTION LTD,Y,A,Interstate,C,CARRIER,1,N,N,,10550 BUSINESS DR,FONTANA,CA,92337,US,2023-06-07,N,A,37,53
2024-09-07,810111,,,N,,,,,,,,,,,,,,,,,,
2024-09-07,811328,,,N,,,,,,,,,,,,,,,,,,
2024-09-07,818879,,,N,,,,,,,,,,,,,,,,,,
2024-09-07,821486,,,N,,,,,,,,,,,,,,,,,,
2024-09-07,834928,,,N,,,,,,,,,,,,,,,,,,
2024-09-07,850795,JSE ENVIRONMENTAL SERVICES,K-VAC ENVIRONMENTAL SERVICES INC,Y,A,Interstate,C,CARRIER,1,N,N,,8549 ILEX ST,FONTANA,CA,92335,US,2024-06-05,N,A,27,27
2024-09-07,862739,,,N,,,,,,,,,,,,,,,,,,
2024-09-07,863217,,,N,,,,,,,,,,,,,,,,,,
2024-09-07,865090,WORLDWIDE PRODUCE,GREEN FARMS CALIFORNIA LLC,Y,C,Intrastate Non-Hazmat,C,CARRIER,1,N,N,,2652 LONG BEACH AVE UNIT# 2,LOS ANGELES,CA,90058,US,,,A,128,110
2024-09-07,865754,SOUTHLAND INDUSTRIES,SOUTHLAND INDUSTRIES INC,Y,A,Interstate,C,CARRIER,1,N,N,,12131 WESTERN AVE,GARDEN GROVE,CA,92841-1420,US,2019-11-20,N,A,16,27
2024-09-07,867060,,,N,,,,,,,,,,,,,,,,,,
2024-09-07,884124,,,N,,,,,,,,,,,,,,,,,,
2024-09-07,897667,,,N,,,,,,,,,,,,,,,,,,
2024-09-07,898079,,,N,,,,,,,,,,,,,,,,,,
2024-09-07,903802,,,N,,,,,,,,,,,,,,,,,,
2024-09-07,904502,YOSEMITE WATERS,BASTANCHURY WATERS,Y,C,Intrastate Non-Hazmat,C,CARRIER,1,N,N,,601 W VALENCIA DR,FULLERTON,CA,92832-4022,US,,,A,44,51
2024-09-07,906068,,,N,,,,,,,,,,,,,,,,,,
2024-09-07,911905,,,N,,,,,,,,,,,,,,,,,,
2024-09-07,914477,,,N,,,,,,,,,,,,,,,,,,
2024-09-07,923644,,,N,,,,,,,,,,,,,,,,,,
2024-09-07,934652,ARMSTRONG GARDEN CENTERS,ARMSTRONG GARDEN CENTERS INC,Y,A,Interstate,C,CARRIER,1,N,N,,2200 E ROUTE 66 STE 200,GLENDORA,CA,91740,US,2020-03-18,N,A,43,41
2024-09-07,937826,,,N,,,,,,,,,,,,,,,,,,
2024-09-07,939378,RYAN HERCO FLOW SOLUTIONS,RYAN HERCO PRODUCTS CORP,Y,A,Interstate,C,CARRIER,1,N,N,,3010 N SAN FERNANDO BLVD,BURBANK,CA,91504,US,,,A,58,58
2024-09-07,940337,,,N,,,,,,,,,,,,,,,,,,
2024-09-07,944097,,,N,,,,,,,,,,,,,,,,,,
2024-09-07,956302,DECCO - DECCO-CEREXAGRI INC,DECCO US POST HARVEST INC,Y,B,Intrastate Hazmat,C,CARRIER,1,N,N,,1713 S CALIFORNIA AVENUE,MONROVIA,CA,91016,US,2011-09-13,H,A,34,33
2024-09-07,956500,,,N,,,,,,,,,,,,,,,,,,
2024-09-07,957042,,,N,,,,,,,,,,,,,,,,,,
2024-09-07,960895,,,N,,,,,,,,,,,,,,,,,,
2024-09-07,962578,,,N,,,,,,,,,,,,,,,,,,
2024-09-07,974462,,,N,,,,,,,,,,,,,,,,,,
2024-09-07,975159,,,N,,,,,,,,,,,,,,,,,,
2024-09-07,9795,BUENA VISTA STUDIOS,WALT DISNEY PICTURES,Y,A,Interstate,C,CARRIER,1,Y,N,,2139 EMPIRE AVENUE,BURBANK,CA,91504,US,2024-02-28,N,A,532,532
2024-09-07,980947,ORORA,ORORA PACKAGING SOLUTIONS,Y,A,Interstate,C,CARRIER,1,N,N,,6600 VALLEY VIEW STREET,BUENA PARK,CA,90620,US,,,A,108,107
2024-09-07,9853,,,N,,,,,,,,,,,,,,,,,,
2024-09-07,985622,,,N,,,,,,,,,,,,,,,,,,
2024-09-07,988644,,,N,,,,,,,,,,,,,,,,,,
2024-09-07,992142,,,N,,,,,,,,,,,,,,,,,,
